plate	well	tile
1	A1	0
1	A1	1
1	A1	2
1	A1	3
1	A1	4
1	A1	5
1	A1	6
1	A1	7
1	A1	8
1	A1	9
1	A1	10
1	A1	11
1	A1	12
1	A1	13
1	A1	14
1	A1	15
1	A1	16
1	A1	17
1	A1	18
1	A1	19
1	A1	20
1	A1	21
1	A1	22
1	A1	23
1	A1	24
1	A1	25
1	A1	26
1	A1	27
1	A1	28
1	A1	29
1	A1	30
1	A1	31
1	A1	32
1	A1	33
1	A1	34
1	A1	35
1	A1	36
1	A1	37
1	A1	38
1	A1	39
1	A1	40
1	A1	41
1	A1	42
1	A1	43
1	A1	44
1	A1	45
1	A1	46
1	A1	47
1	A1	48
1	A1	49
1	A1	50
1	A1	51
1	A1	52
1	A1	53
1	A1	54
1	A1	55
1	A1	56
1	A1	57
1	A1	58
1	A1	59
1	A1	60
1	A1	61
1	A1	62
1	A1	63
1	A1	64
1	A1	65
1	A1	66
1	A1	67
1	A1	68
1	A1	69
1	A1	70
1	A1	71
1	A1	72
1	A1	73
1	A1	74
1	A1	75
1	A1	76
1	A1	77
1	A1	78
1	A1	79
1	A1	80
1	A1	81
1	A1	82
1	A1	83
1	A1	84
1	A1	85
1	A1	86
1	A1	87
1	A1	88
1	A1	89
1	A1	90
1	A1	91
1	A1	92
1	A1	93
1	A1	94
1	A1	95
1	A1	96
1	A1	97
1	A1	98
1	A1	99
1	A1	100
1	A1	101
1	A1	102
1	A1	103
1	A1	104
1	A1	105
1	A1	106
1	A1	107
1	A1	108
1	A1	109
1	A1	110
1	A1	111
1	A1	112
1	A1	113
1	A1	114
1	A1	115
1	A1	116
1	A1	117
1	A1	118
1	A1	119
1	A1	120
1	A1	121
1	A1	122
1	A1	123
1	A1	124
1	A1	125
1	A1	126
1	A1	127
1	A1	128
1	A1	129
1	A1	130
1	A1	131
1	A1	132
1	A1	133
1	A1	134
1	A1	135
1	A1	136
1	A1	137
1	A1	138
1	A1	139
1	A1	140
1	A1	141
1	A1	142
1	A1	143
1	A1	144
1	A1	145
1	A1	146
1	A1	147
1	A1	148
1	A1	149
1	A1	150
1	A1	151
1	A1	152
1	A1	153
1	A1	154
1	A1	155
1	A1	156
1	A1	157
1	A1	158
1	A1	159
1	A1	160
1	A1	161
1	A1	162
1	A1	163
1	A1	164
1	A1	165
1	A1	166
1	A1	167
1	A1	168
1	A1	169
1	A1	170
1	A1	171
1	A1	172
1	A1	173
1	A1	174
1	A1	175
1	A1	176
1	A1	177
1	A1	178
1	A1	179
1	A1	180
1	A1	181
1	A1	182
1	A1	183
1	A1	184
1	A1	185
1	A1	186
1	A1	187
1	A1	188
1	A1	189
1	A1	190
1	A1	191
1	A1	192
1	A1	193
1	A1	194
1	A1	195
1	A1	196
1	A1	197
1	A1	198
1	A1	199
1	A1	200
1	A1	201
1	A1	202
1	A1	203
1	A1	204
1	A1	205
1	A1	206
1	A1	207
1	A1	208
1	A1	209
1	A1	210
1	A1	211
1	A1	212
1	A1	213
1	A1	214
1	A1	215
1	A1	216
1	A1	217
1	A1	218
1	A1	219
1	A1	220
1	A1	221
1	A1	222
1	A1	223
1	A1	224
1	A1	225
1	A1	226
1	A1	227
1	A1	228
1	A1	229
1	A1	230
1	A1	231
1	A1	232
1	A1	233
1	A1	234
1	A1	235
1	A1	236
1	A1	237
1	A1	238
1	A1	239
1	A1	240
1	A1	241
1	A1	242
1	A1	243
1	A1	244
1	A1	245
1	A1	246
1	A1	247
1	A1	248
1	A1	249
1	A1	250
1	A1	251
1	A1	252
1	A1	253
1	A1	254
1	A1	255
1	A1	256
1	A1	257
1	A1	258
1	A1	259
1	A1	260
1	A1	261
1	A1	262
1	A1	263
1	A1	264
1	A1	265
1	A1	266
1	A1	267
1	A1	268
1	A1	269
1	A1	270
1	A1	271
1	A1	272
1	A1	273
1	A1	274
1	A1	275
1	A1	276
1	A1	277
1	A1	278
1	A1	279
1	A1	280
1	A1	281
1	A1	282
1	A1	283
1	A1	284
1	A1	285
1	A1	286
1	A1	287
1	A1	288
1	A1	289
1	A1	290
1	A1	291
1	A1	292
1	A1	293
1	A1	294
1	A1	295
1	A1	296
1	A1	297
1	A1	298
1	A1	299
1	A1	300
1	A1	301
1	A1	302
1	A1	303
1	A1	304
1	A1	305
1	A1	306
1	A1	307
1	A1	308
1	A1	309
1	A1	310
1	A1	311
1	A1	312
1	A1	313
1	A1	314
1	A1	315
1	A1	316
1	A1	317
1	A1	318
1	A1	319
1	A1	320
1	A1	321
1	A1	322
1	A1	323
1	A1	324
1	A1	325
1	A1	326
1	A1	327
1	A1	328
1	A1	329
1	A1	330
1	A1	331
1	A1	332
1	A1	333
1	A1	334
1	A1	335
1	A1	336
1	A1	337
1	A1	338
1	A1	339
1	A1	340
1	A1	341
1	A1	342
1	A1	343
1	A1	344
1	A1	345
1	A1	346
1	A1	347
1	A1	348
1	A1	349
1	A1	350
1	A1	351
1	A1	352
1	A1	353
1	A1	354
1	A1	355
1	A1	356
1	A1	357
1	A1	358
1	A1	359
1	A1	360
1	A1	361
1	A1	362
1	A1	363
1	A1	364
1	A1	365
1	A1	366
1	A1	367
1	A1	368
1	A1	369
1	A1	370
1	A1	371
1	A1	372
1	A1	373
1	A1	374
1	A1	375
1	A1	376
1	A1	377
1	A1	378
1	A1	379
1	A1	380
1	A1	381
1	A1	382
1	A1	383
1	A1	384
1	A1	385
1	A1	386
1	A1	387
1	A1	388
1	A1	389
1	A1	390
1	A1	391
1	A1	392
1	A1	393
1	A1	394
1	A1	395
1	A1	396
1	A1	397
1	A1	398
1	A1	399
1	A1	400
1	A1	401
1	A1	402
1	A1	403
1	A1	404
1	A1	405
1	A1	406
1	A1	407
1	A1	408
1	A1	409
1	A1	410
1	A1	411
1	A1	412
1	A1	413
1	A1	414
1	A1	415
1	A1	416
1	A1	417
1	A1	418
1	A1	419
1	A1	420
1	A1	421
1	A1	422
1	A1	423
1	A1	424
1	A1	425
1	A1	426
1	A1	427
1	A1	428
1	A1	429
1	A1	430
1	A1	431
1	A1	432
1	A1	433
1	A1	434
1	A1	435
1	A1	436
1	A1	437
1	A1	438
1	A1	439
1	A1	440
1	A1	441
1	A1	442
1	A1	443
1	A1	444
1	A1	445
1	A1	446
1	A1	447
1	A1	448
1	A1	449
1	A1	450
1	A1	451
1	A1	452
1	A1	453
1	A1	454
1	A1	455
1	A1	456
1	A1	457
1	A1	458
1	A1	459
1	A1	460
1	A1	461
1	A1	462
1	A1	463
1	A1	464
1	A1	465
1	A1	466
1	A1	467
1	A1	468
1	A1	469
1	A1	470
1	A1	471
1	A1	472
1	A1	473
1	A1	474
1	A1	475
1	A1	476
1	A1	477
1	A1	478
1	A1	479
1	A1	480
1	A1	481
1	A1	482
1	A1	483
1	A1	484
1	A1	485
1	A1	486
1	A1	487
1	A1	488
1	A1	489
1	A1	490
1	A1	491
1	A1	492
1	A1	493
1	A1	494
1	A1	495
1	A1	496
1	A1	497
1	A1	498
1	A1	499
1	A1	500
1	A1	501
1	A1	502
1	A1	503
1	A1	504
1	A1	505
1	A1	506
1	A1	507
1	A1	508
1	A1	509
1	A1	510
1	A1	511
1	A1	512
1	A1	513
1	A1	514
1	A1	515
1	A1	516
1	A1	517
1	A1	518
1	A1	519
1	A1	520
1	A1	521
1	A1	522
1	A1	523
1	A1	524
1	A1	525
1	A1	526
1	A1	527
1	A1	528
1	A1	529
1	A1	530
1	A1	531
1	A1	532
1	A1	533
1	A1	534
1	A1	535
1	A1	536
1	A1	537
1	A1	538
1	A1	539
1	A1	540
1	A1	541
1	A1	542
1	A1	543
1	A1	544
1	A1	545
1	A1	546
1	A1	547
1	A1	548
1	A1	549
1	A1	550
1	A1	551
1	A1	552
1	A1	553
1	A1	554
1	A1	555
1	A1	556
1	A1	557
1	A1	558
1	A1	559
1	A1	560
1	A1	561
1	A1	562
1	A1	563
1	A1	564
1	A1	565
1	A1	566
1	A1	567
1	A1	568
1	A1	569
1	A1	570
1	A1	571
1	A1	572
1	A1	573
1	A1	574
1	A1	575
1	A1	576
1	A1	577
1	A1	578
1	A1	579
1	A1	580
1	A1	581
1	A1	582
1	A1	583
1	A1	584
1	A1	585
1	A1	586
1	A1	587
1	A1	588
1	A1	589
1	A1	590
1	A1	591
1	A1	592
1	A1	593
1	A1	594
1	A1	595
1	A1	596
1	A1	597
1	A1	598
1	A1	599
1	A1	600
1	A1	601
1	A1	602
1	A1	603
1	A1	604
1	A1	605
1	A1	606
1	A1	607
1	A1	608
1	A1	609
1	A1	610
1	A1	611
1	A1	612
1	A1	613
1	A1	614
1	A1	615
1	A1	616
1	A1	617
1	A1	618
1	A1	619
1	A1	620
1	A1	621
1	A1	622
1	A1	623
1	A1	624
1	A1	625
1	A1	626
1	A1	627
1	A1	628
1	A1	629
1	A1	630
1	A1	631
1	A1	632
1	A1	633
1	A1	634
1	A1	635
1	A1	636
1	A1	637
1	A1	638
1	A1	639
1	A1	640
1	A1	641
1	A1	642
1	A1	643
1	A1	644
1	A1	645
1	A1	646
1	A1	647
1	A1	648
1	A1	649
1	A1	650
1	A1	651
1	A1	652
1	A1	653
1	A1	654
1	A1	655
1	A1	656
1	A1	657
1	A1	658
1	A1	659
1	A1	660
1	A1	661
1	A1	662
1	A1	663
1	A1	664
1	A1	665
1	A1	666
1	A1	667
1	A1	668
1	A1	669
1	A1	670
1	A1	671
1	A1	672
1	A1	673
1	A1	674
1	A1	675
1	A1	676
1	A1	677
1	A1	678
1	A1	679
1	A1	680
1	A1	681
1	A1	682
1	A1	683
1	A1	684
1	A1	685
1	A1	686
1	A1	687
1	A1	688
1	A1	689
1	A1	690
1	A1	691
1	A1	692
1	A1	693
1	A1	694
1	A1	695
1	A1	696
1	A1	697
1	A1	698
1	A1	699
1	A1	700
1	A1	701
1	A1	702
1	A1	703
1	A1	704
1	A1	705
1	A1	706
1	A1	707
1	A1	708
1	A1	709
1	A1	710
1	A1	711
1	A1	712
1	A1	713
1	A1	714
1	A1	715
1	A1	716
1	A1	717
1	A1	718
1	A1	719
1	A1	720
1	A1	721
1	A1	722
1	A1	723
1	A1	724
1	A1	725
1	A1	726
1	A1	727
1	A1	728
1	A1	729
1	A1	730
1	A1	731
1	A1	732
1	A1	733
1	A1	734
1	A1	735
1	A1	736
1	A1	737
1	A1	738
1	A1	739
1	A1	740
1	A1	741
1	A1	742
1	A1	743
1	A1	744
1	A1	745
1	A1	746
1	A1	747
1	A1	748
1	A1	749
1	A1	750
1	A1	751
1	A1	752
1	A1	753
1	A1	754
1	A1	755
1	A1	756
1	A1	757
1	A1	758
1	A1	759
1	A1	760
1	A1	761
1	A1	762
1	A1	763
1	A1	764
1	A1	765
1	A1	766
1	A1	767
1	A1	768
1	A1	769
1	A1	770
1	A1	771
1	A1	772
1	A1	773
1	A1	774
1	A1	775
1	A1	776
1	A1	777
1	A1	778
1	A1	779
1	A1	780
1	A1	781
1	A1	782
1	A1	783
1	A1	784
1	A1	785
1	A1	786
1	A1	787
1	A1	788
1	A1	789
1	A1	790
1	A1	791
1	A1	792
1	A1	793
1	A1	794
1	A1	795
1	A1	796
1	A1	797
1	A1	798
1	A1	799
1	A1	800
1	A1	801
1	A1	802
1	A1	803
1	A1	804
1	A1	805
1	A1	806
1	A1	807
1	A1	808
1	A1	809
1	A1	810
1	A1	811
1	A1	812
1	A1	813
1	A1	814
1	A1	815
1	A1	816
1	A1	817
1	A1	818
1	A1	819
1	A1	820
1	A1	821
1	A1	822
1	A1	823
1	A1	824
1	A1	825
1	A1	826
1	A1	827
1	A1	828
1	A1	829
1	A1	830
1	A1	831
1	A1	832
1	A1	833
1	A1	834
1	A1	835
1	A1	836
1	A1	837
1	A1	838
1	A1	839
1	A1	840
1	A1	841
1	A1	842
1	A1	843
1	A1	844
1	A1	845
1	A1	846
1	A1	847
1	A1	848
1	A1	849
1	A1	850
1	A1	851
1	A1	852
1	A1	853
1	A1	854
1	A1	855
1	A1	856
1	A1	857
1	A1	858
1	A1	859
1	A1	860
1	A1	861
1	A1	862
1	A1	863
1	A1	864
1	A1	865
1	A1	866
1	A1	867
1	A1	868
1	A1	869
1	A1	870
1	A1	871
1	A1	872
1	A1	873
1	A1	874
1	A1	875
1	A1	876
1	A1	877
1	A1	878
1	A1	879
1	A1	880
1	A1	881
1	A1	882
1	A1	883
1	A1	884
1	A1	885
1	A1	886
1	A1	887
1	A1	888
1	A1	889
1	A1	890
1	A1	891
1	A1	892
1	A1	893
1	A1	894
1	A1	895
1	A1	896
1	A1	897
1	A1	898
1	A1	899
1	A1	900
1	A1	901
1	A1	902
1	A1	903
1	A1	904
1	A1	905
1	A1	906
1	A1	907
1	A1	908
1	A1	909
1	A1	910
1	A1	911
1	A1	912
1	A1	913
1	A1	914
1	A1	915
1	A1	916
1	A1	917
1	A1	918
1	A1	919
1	A1	920
1	A1	921
1	A1	922
1	A1	923
1	A1	924
1	A1	925
1	A1	926
1	A1	927
1	A1	928
1	A1	929
1	A1	930
1	A1	931
1	A1	932
1	A1	933
1	A1	934
1	A1	935
1	A1	936
1	A1	937
1	A1	938
1	A1	939
1	A1	940
1	A1	941
1	A1	942
1	A1	943
1	A1	944
1	A1	945
1	A1	946
1	A1	947
1	A1	948
1	A1	949
1	A1	950
1	A1	951
1	A1	952
1	A1	953
1	A1	954
1	A1	955
1	A1	956
1	A1	957
1	A1	958
1	A1	959
1	A1	960
1	A1	961
1	A1	962
1	A1	963
1	A1	964
1	A1	965
1	A1	966
1	A1	967
1	A1	968
1	A1	969
1	A1	970
1	A1	971
1	A1	972
1	A1	973
1	A1	974
1	A1	975
1	A1	976
1	A1	977
1	A1	978
1	A1	979
1	A1	980
1	A1	981
1	A1	982
1	A1	983
1	A1	984
1	A1	985
1	A1	986
1	A1	987
1	A1	988
1	A1	989
1	A1	990
1	A1	991
1	A1	992
1	A1	993
1	A1	994
1	A1	995
1	A1	996
1	A1	997
1	A1	998
1	A1	999
1	A1	1000
1	A1	1001
1	A1	1002
1	A1	1003
1	A1	1004
1	A1	1005
1	A1	1006
1	A1	1007
1	A1	1008
1	A1	1009
1	A1	1010
1	A1	1011
1	A1	1012
1	A1	1013
1	A1	1014
1	A1	1015
1	A1	1016
1	A1	1017
1	A1	1018
1	A1	1019
1	A1	1020
1	A1	1021
1	A1	1022
1	A1	1023
1	A1	1024
1	A1	1025
1	A1	1026
1	A1	1027
1	A1	1028
1	A1	1029
1	A1	1030
1	A1	1031
1	A1	1032
1	A1	1033
1	A1	1034
1	A1	1035
1	A1	1036
1	A1	1037
1	A1	1038
1	A1	1039
1	A1	1040
1	A1	1041
1	A1	1042
1	A1	1043
1	A1	1044
1	A1	1045
1	A1	1046
1	A1	1047
1	A1	1048
1	A1	1049
1	A1	1050
1	A1	1051
1	A1	1052
1	A1	1053
1	A1	1054
1	A1	1055
1	A1	1056
1	A1	1057
1	A1	1058
1	A1	1059
1	A1	1060
1	A1	1061
1	A1	1062
1	A1	1063
1	A1	1064
1	A1	1065
1	A1	1066
1	A1	1067
1	A1	1068
1	A1	1069
1	A1	1070
1	A1	1071
1	A1	1072
1	A1	1073
1	A1	1074
1	A1	1075
1	A1	1076
1	A1	1077
1	A1	1078
1	A1	1079
1	A1	1080
1	A1	1081
1	A1	1082
1	A1	1083
1	A1	1084
1	A1	1085
1	A1	1086
1	A1	1087
1	A1	1088
1	A1	1089
1	A1	1090
1	A1	1091
1	A1	1092
1	A1	1093
1	A1	1094
1	A1	1095
1	A1	1096
1	A1	1097
1	A1	1098
1	A1	1099
1	A1	1100
1	A1	1101
1	A1	1102
1	A1	1103
1	A1	1104
1	A1	1105
1	A1	1106
1	A1	1107
1	A1	1108
1	A1	1109
1	A1	1110
1	A1	1111
1	A1	1112
1	A1	1113
1	A1	1114
1	A1	1115
1	A1	1116
1	A1	1117
1	A1	1118
1	A1	1119
1	A1	1120
1	A1	1121
1	A1	1122
1	A1	1123
1	A1	1124
1	A1	1125
1	A1	1126
1	A1	1127
1	A1	1128
1	A1	1129
1	A1	1130
1	A1	1131
1	A1	1132
1	A1	1133
1	A1	1134
1	A1	1135
1	A1	1136
1	A1	1137
1	A1	1138
1	A1	1139
1	A1	1140
1	A1	1141
1	A1	1142
1	A1	1143
1	A1	1144
1	A1	1145
1	A1	1146
1	A1	1147
1	A1	1148
1	A1	1149
1	A1	1150
1	A1	1151
1	A1	1152
1	A1	1153
1	A1	1154
1	A1	1155
1	A1	1156
1	A1	1157
1	A1	1158
1	A1	1159
1	A1	1160
1	A1	1161
1	A1	1162
1	A1	1163
1	A1	1164
1	A1	1165
1	A1	1166
1	A1	1167
1	A1	1168
1	A1	1169
1	A1	1170
1	A1	1171
1	A1	1172
1	A1	1173
1	A1	1174
1	A1	1175
1	A1	1176
1	A1	1177
1	A1	1178
1	A1	1179
1	A1	1180
1	A1	1181
1	A1	1182
1	A1	1183
1	A1	1184
1	A1	1185
1	A1	1186
1	A1	1187
1	A1	1188
1	A1	1189
1	A1	1190
1	A1	1191
1	A1	1192
1	A1	1193
1	A1	1194
1	A1	1195
1	A1	1196
1	A1	1197
1	A1	1198
1	A1	1199
1	A1	1200
1	A1	1201
1	A1	1202
1	A1	1203
1	A1	1204
1	A1	1205
1	A1	1206
1	A1	1207
1	A1	1208
1	A1	1209
1	A1	1210
1	A1	1211
1	A1	1212
1	A1	1213
1	A1	1214
1	A1	1215
1	A1	1216
1	A1	1217
1	A1	1218
1	A1	1219
1	A1	1220
1	A1	1221
1	A1	1222
1	A1	1223
1	A1	1224
1	A1	1225
1	A1	1226
1	A1	1227
1	A1	1228
1	A1	1229
1	A1	1230
1	A1	1231
1	A1	1232
1	A1	1233
1	A1	1234
1	A1	1235
1	A1	1236
1	A1	1237
1	A1	1238
1	A1	1239
1	A1	1240
1	A1	1241
1	A1	1242
1	A1	1243
1	A1	1244
1	A1	1245
1	A1	1246
1	A1	1247
1	A1	1248
1	A1	1249
1	A1	1250
1	A1	1251
1	A1	1252
1	A1	1253
1	A1	1254
1	A1	1255
1	A1	1256
1	A1	1257
1	A1	1258
1	A1	1259
1	A1	1260
1	A1	1261
1	A1	1262
1	A1	1263
1	A1	1264
1	A1	1265
1	A1	1266
1	A1	1267
1	A1	1268
1	A1	1269
1	A1	1270
1	A1	1271
1	A1	1272
1	A1	1273
1	A1	1274
1	A1	1275
1	A1	1276
1	A1	1277
1	A1	1278
1	A1	1279
1	A1	1280
1	A1	1281
1	A1	1282
1	A1	1283
1	A1	1284
1	A1	1285
1	A1	1286
1	A1	1287
1	A1	1288
1	A1	1289
1	A1	1290
1	A1	1291
1	A1	1292
1	A1	1293
1	A1	1294
1	A1	1295
1	A1	1296
1	A1	1297
1	A1	1298
1	A1	1299
1	A1	1300
1	A1	1301
1	A1	1302
1	A1	1303
1	A1	1304
1	A1	1305
1	A1	1306
1	A1	1307
1	A1	1308
1	A1	1309
1	A1	1310
1	A1	1311
1	A1	1312
1	A1	1313
1	A1	1314
1	A1	1315
1	A1	1316
1	A1	1317
1	A1	1318
1	A1	1319
1	A1	1320
1	A1	1321
1	A1	1322
1	A1	1323
1	A1	1324
1	A1	1325
1	A1	1326
1	A1	1327
1	A1	1328
1	A1	1329
1	A1	1330
1	A1	1331
1	A1	1332
1	A1	1333
1	A1	1334
1	A1	1335
1	A1	1336
1	A1	1337
1	A1	1338
1	A1	1339
1	A1	1340
1	A1	1341
1	A1	1342
1	A1	1343
1	A1	1344
1	A1	1345
1	A1	1346
1	A1	1347
1	A1	1348
1	A1	1349
1	A1	1350
1	A1	1351
1	A1	1352
1	A1	1353
1	A1	1354
1	A1	1355
1	A1	1356
1	A1	1357
1	A1	1358
1	A1	1359
1	A1	1360
1	A1	1361
1	A1	1362
1	A1	1363
1	A1	1364
1	A1	1365
1	A1	1366
1	A1	1367
1	A1	1368
1	A1	1369
1	A1	1370
1	A1	1371
1	A1	1372
1	A1	1373
1	A1	1374
1	A1	1375
1	A1	1376
1	A1	1377
1	A1	1378
1	A1	1379
1	A1	1380
1	A1	1381
1	A1	1382
1	A1	1383
1	A1	1384
1	A1	1385
1	A1	1386
1	A1	1387
1	A1	1388
1	A1	1389
1	A1	1390
1	A1	1391
1	A1	1392
1	A1	1393
1	A1	1394
1	A1	1395
1	A1	1396
1	A1	1397
1	A1	1398
1	A1	1399
1	A1	1400
1	A1	1401
1	A1	1402
1	A1	1403
1	A1	1404
1	A1	1405
1	A1	1406
1	A1	1407
1	A1	1408
1	A1	1409
1	A1	1410
1	A1	1411
1	A1	1412
1	A1	1413
1	A1	1414
1	A1	1415
1	A1	1416
1	A1	1417
1	A1	1418
1	A1	1419
1	A1	1420
1	A1	1421
1	A1	1422
1	A1	1423
1	A1	1424
1	A1	1425
1	A1	1426
1	A1	1427
1	A1	1428
1	A1	1429
1	A1	1430
1	A1	1431
1	A1	1432
1	A1	1433
1	A1	1434
1	A1	1435
1	A1	1436
1	A1	1437
1	A1	1438
1	A1	1439
1	A1	1440
1	A1	1441
1	A1	1442
1	A1	1443
1	A1	1444
1	A1	1445
1	A1	1446
1	A1	1447
1	A1	1448
1	A1	1449
1	A1	1450
1	A1	1451
1	A1	1452
1	A1	1453
1	A1	1454
1	A1	1455
1	A1	1456
1	A1	1457
1	A1	1458
1	A1	1459
1	A1	1460
1	A1	1461
1	A1	1462
1	A1	1463
1	A1	1464
1	A1	1465
1	A1	1466
1	A1	1467
1	A1	1468
1	A1	1469
1	A1	1470
1	A1	1471
1	A1	1472
1	A1	1473
1	A1	1474
1	A1	1475
1	A1	1476
1	A1	1477
1	A1	1478
1	A1	1479
1	A1	1480
1	A1	1481
1	A1	1482
1	A1	1483
1	A1	1484
1	A1	1485
1	A1	1486
1	A1	1487
1	A1	1488
1	A1	1489
1	A1	1490
1	A1	1491
1	A1	1492
1	A1	1493
1	A1	1494
1	A1	1495
1	A1	1496
1	A1	1497
1	A1	1498
1	A1	1499
1	A1	1500
1	A1	1501
1	A1	1502
1	A1	1503
1	A1	1504
1	A1	1505
1	A1	1506
1	A1	1507
1	A1	1508
1	A1	1509
1	A1	1510
1	A1	1511
1	A1	1512
1	A1	1513
1	A1	1514
1	A1	1515
1	A1	1516
1	A1	1517
1	A1	1518
1	A1	1519
1	A1	1520
1	A1	1521
1	A1	1522
1	A1	1523
1	A1	1524
1	A1	1525
1	A1	1526
1	A1	1527
1	A1	1528
1	A1	1529
1	A1	1530
1	A1	1531
1	A1	1532
1	A1	1533
1	A1	1534
1	A1	1535
1	A1	1536
1	A1	1537
1	A1	1538
1	A1	1539
1	A1	1540
1	A1	1541
1	A1	1542
1	A1	1543
1	A1	1544
1	A1	1545
1	A1	1546
1	A1	1547
1	A1	1548
1	A1	1549
1	A1	1550
1	A1	1551
1	A1	1552
1	A1	1553
1	A1	1554
1	A1	1555
1	A1	1556
1	A1	1557
1	A1	1558
1	A1	1559
1	A1	1560
1	A1	1561
1	A1	1562
1	A1	1563
1	A1	1564
1	A1	1565
1	A1	1566
1	A1	1567
1	A1	1568
1	A1	1569
1	A1	1570
1	A1	1571
1	A1	1572
1	A1	1573
1	A1	1574
1	A1	1575
1	A1	1576
1	A1	1577
1	A1	1578
1	A1	1579
1	A1	1580
1	A1	1581
1	A1	1582
1	A1	1583
1	A1	1584
1	A1	1585
1	A1	1586
1	A1	1587
1	A1	1588
1	A1	1589
1	A1	1590
1	A1	1591
1	A1	1592
1	A1	1593
1	A1	1594
1	A1	1595
1	A1	1596
1	A1	1597
1	A1	1598
1	A1	1599
1	A1	1600
1	A1	1601
1	A1	1602
1	A1	1603
1	A1	1604
1	A2	0
1	A2	1
1	A2	2
1	A2	3
1	A2	4
1	A2	5
1	A2	6
1	A2	7
1	A2	8
1	A2	9
1	A2	10
1	A2	11
1	A2	12
1	A2	13
1	A2	14
1	A2	15
1	A2	16
1	A2	17
1	A2	18
1	A2	19
1	A2	20
1	A2	21
1	A2	22
1	A2	23
1	A2	24
1	A2	25
1	A2	26
1	A2	27
1	A2	28
1	A2	29
1	A2	30
1	A2	31
1	A2	32
1	A2	33
1	A2	34
1	A2	35
1	A2	36
1	A2	37
1	A2	38
1	A2	39
1	A2	40
1	A2	41
1	A2	42
1	A2	43
1	A2	44
1	A2	45
1	A2	46
1	A2	47
1	A2	48
1	A2	49
1	A2	50
1	A2	51
1	A2	52
1	A2	53
1	A2	54
1	A2	55
1	A2	56
1	A2	57
1	A2	58
1	A2	59
1	A2	60
1	A2	61
1	A2	62
1	A2	63
1	A2	64
1	A2	65
1	A2	66
1	A2	67
1	A2	68
1	A2	69
1	A2	70
1	A2	71
1	A2	72
1	A2	73
1	A2	74
1	A2	75
1	A2	76
1	A2	77
1	A2	78
1	A2	79
1	A2	80
1	A2	81
1	A2	82
1	A2	83
1	A2	84
1	A2	85
1	A2	86
1	A2	87
1	A2	88
1	A2	89
1	A2	90
1	A2	91
1	A2	92
1	A2	93
1	A2	94
1	A2	95
1	A2	96
1	A2	97
1	A2	98
1	A2	99
1	A2	100
1	A2	101
1	A2	102
1	A2	103
1	A2	104
1	A2	105
1	A2	106
1	A2	107
1	A2	108
1	A2	109
1	A2	110
1	A2	111
1	A2	112
1	A2	113
1	A2	114
1	A2	115
1	A2	116
1	A2	117
1	A2	118
1	A2	119
1	A2	120
1	A2	121
1	A2	122
1	A2	123
1	A2	124
1	A2	125
1	A2	126
1	A2	127
1	A2	128
1	A2	129
1	A2	130
1	A2	131
1	A2	132
1	A2	133
1	A2	134
1	A2	135
1	A2	136
1	A2	137
1	A2	138
1	A2	139
1	A2	140
1	A2	141
1	A2	142
1	A2	143
1	A2	144
1	A2	145
1	A2	146
1	A2	147
1	A2	148
1	A2	149
1	A2	150
1	A2	151
1	A2	152
1	A2	153
1	A2	154
1	A2	155
1	A2	156
1	A2	157
1	A2	158
1	A2	159
1	A2	160
1	A2	161
1	A2	162
1	A2	163
1	A2	164
1	A2	165
1	A2	166
1	A2	167
1	A2	168
1	A2	169
1	A2	170
1	A2	171
1	A2	172
1	A2	173
1	A2	174
1	A2	175
1	A2	176
1	A2	177
1	A2	178
1	A2	179
1	A2	180
1	A2	181
1	A2	182
1	A2	183
1	A2	184
1	A2	185
1	A2	186
1	A2	187
1	A2	188
1	A2	189
1	A2	190
1	A2	191
1	A2	192
1	A2	193
1	A2	194
1	A2	195
1	A2	196
1	A2	197
1	A2	198
1	A2	199
1	A2	200
1	A2	201
1	A2	202
1	A2	203
1	A2	204
1	A2	205
1	A2	206
1	A2	207
1	A2	208
1	A2	209
1	A2	210
1	A2	211
1	A2	212
1	A2	213
1	A2	214
1	A2	215
1	A2	216
1	A2	217
1	A2	218
1	A2	219
1	A2	220
1	A2	221
1	A2	222
1	A2	223
1	A2	224
1	A2	225
1	A2	226
1	A2	227
1	A2	228
1	A2	229
1	A2	230
1	A2	231
1	A2	232
1	A2	233
1	A2	234
1	A2	235
1	A2	236
1	A2	237
1	A2	238
1	A2	239
1	A2	240
1	A2	241
1	A2	242
1	A2	243
1	A2	244
1	A2	245
1	A2	246
1	A2	247
1	A2	248
1	A2	249
1	A2	250
1	A2	251
1	A2	252
1	A2	253
1	A2	254
1	A2	255
1	A2	256
1	A2	257
1	A2	258
1	A2	259
1	A2	260
1	A2	261
1	A2	262
1	A2	263
1	A2	264
1	A2	265
1	A2	266
1	A2	267
1	A2	268
1	A2	269
1	A2	270
1	A2	271
1	A2	272
1	A2	273
1	A2	274
1	A2	275
1	A2	276
1	A2	277
1	A2	278
1	A2	279
1	A2	280
1	A2	281
1	A2	282
1	A2	283
1	A2	284
1	A2	285
1	A2	286
1	A2	287
1	A2	288
1	A2	289
1	A2	290
1	A2	291
1	A2	292
1	A2	293
1	A2	294
1	A2	295
1	A2	296
1	A2	297
1	A2	298
1	A2	299
1	A2	300
1	A2	301
1	A2	302
1	A2	303
1	A2	304
1	A2	305
1	A2	306
1	A2	307
1	A2	308
1	A2	309
1	A2	310
1	A2	311
1	A2	312
1	A2	313
1	A2	314
1	A2	315
1	A2	316
1	A2	317
1	A2	318
1	A2	319
1	A2	320
1	A2	321
1	A2	322
1	A2	323
1	A2	324
1	A2	325
1	A2	326
1	A2	327
1	A2	328
1	A2	329
1	A2	330
1	A2	331
1	A2	332
1	A2	333
1	A2	334
1	A2	335
1	A2	336
1	A2	337
1	A2	338
1	A2	339
1	A2	340
1	A2	341
1	A2	342
1	A2	343
1	A2	344
1	A2	345
1	A2	346
1	A2	347
1	A2	348
1	A2	349
1	A2	350
1	A2	351
1	A2	352
1	A2	353
1	A2	354
1	A2	355
1	A2	356
1	A2	357
1	A2	358
1	A2	359
1	A2	360
1	A2	361
1	A2	362
1	A2	363
1	A2	364
1	A2	365
1	A2	366
1	A2	367
1	A2	368
1	A2	369
1	A2	370
1	A2	371
1	A2	372
1	A2	373
1	A2	374
1	A2	375
1	A2	376
1	A2	377
1	A2	378
1	A2	379
1	A2	380
1	A2	381
1	A2	382
1	A2	383
1	A2	384
1	A2	385
1	A2	386
1	A2	387
1	A2	388
1	A2	389
1	A2	390
1	A2	391
1	A2	392
1	A2	393
1	A2	394
1	A2	395
1	A2	396
1	A2	397
1	A2	398
1	A2	399
1	A2	400
1	A2	401
1	A2	402
1	A2	403
1	A2	404
1	A2	405
1	A2	406
1	A2	407
1	A2	408
1	A2	409
1	A2	410
1	A2	411
1	A2	412
1	A2	413
1	A2	414
1	A2	415
1	A2	416
1	A2	417
1	A2	418
1	A2	419
1	A2	420
1	A2	421
1	A2	422
1	A2	423
1	A2	424
1	A2	425
1	A2	426
1	A2	427
1	A2	428
1	A2	429
1	A2	430
1	A2	431
1	A2	432
1	A2	433
1	A2	434
1	A2	435
1	A2	436
1	A2	437
1	A2	438
1	A2	439
1	A2	440
1	A2	441
1	A2	442
1	A2	443
1	A2	444
1	A2	445
1	A2	446
1	A2	447
1	A2	448
1	A2	449
1	A2	450
1	A2	451
1	A2	452
1	A2	453
1	A2	454
1	A2	455
1	A2	456
1	A2	457
1	A2	458
1	A2	459
1	A2	460
1	A2	461
1	A2	462
1	A2	463
1	A2	464
1	A2	465
1	A2	466
1	A2	467
1	A2	468
1	A2	469
1	A2	470
1	A2	471
1	A2	472
1	A2	473
1	A2	474
1	A2	475
1	A2	476
1	A2	477
1	A2	478
1	A2	479
1	A2	480
1	A2	481
1	A2	482
1	A2	483
1	A2	484
1	A2	485
1	A2	486
1	A2	487
1	A2	488
1	A2	489
1	A2	490
1	A2	491
1	A2	492
1	A2	493
1	A2	494
1	A2	495
1	A2	496
1	A2	497
1	A2	498
1	A2	499
1	A2	500
1	A2	501
1	A2	502
1	A2	503
1	A2	504
1	A2	505
1	A2	506
1	A2	507
1	A2	508
1	A2	509
1	A2	510
1	A2	511
1	A2	512
1	A2	513
1	A2	514
1	A2	515
1	A2	516
1	A2	517
1	A2	518
1	A2	519
1	A2	520
1	A2	521
1	A2	522
1	A2	523
1	A2	524
1	A2	525
1	A2	526
1	A2	527
1	A2	528
1	A2	529
1	A2	530
1	A2	531
1	A2	532
1	A2	533
1	A2	534
1	A2	535
1	A2	536
1	A2	537
1	A2	538
1	A2	539
1	A2	540
1	A2	541
1	A2	542
1	A2	543
1	A2	544
1	A2	545
1	A2	546
1	A2	547
1	A2	548
1	A2	549
1	A2	550
1	A2	551
1	A2	552
1	A2	553
1	A2	554
1	A2	555
1	A2	556
1	A2	557
1	A2	558
1	A2	559
1	A2	560
1	A2	561
1	A2	562
1	A2	563
1	A2	564
1	A2	565
1	A2	566
1	A2	567
1	A2	568
1	A2	569
1	A2	570
1	A2	571
1	A2	572
1	A2	573
1	A2	574
1	A2	575
1	A2	576
1	A2	577
1	A2	578
1	A2	579
1	A2	580
1	A2	581
1	A2	582
1	A2	583
1	A2	584
1	A2	585
1	A2	586
1	A2	587
1	A2	588
1	A2	589
1	A2	590
1	A2	591
1	A2	592
1	A2	593
1	A2	594
1	A2	595
1	A2	596
1	A2	597
1	A2	598
1	A2	599
1	A2	600
1	A2	601
1	A2	602
1	A2	603
1	A2	604
1	A2	605
1	A2	606
1	A2	607
1	A2	608
1	A2	609
1	A2	610
1	A2	611
1	A2	612
1	A2	613
1	A2	614
1	A2	615
1	A2	616
1	A2	617
1	A2	618
1	A2	619
1	A2	620
1	A2	621
1	A2	622
1	A2	623
1	A2	624
1	A2	625
1	A2	626
1	A2	627
1	A2	628
1	A2	629
1	A2	630
1	A2	631
1	A2	632
1	A2	633
1	A2	634
1	A2	635
1	A2	636
1	A2	637
1	A2	638
1	A2	639
1	A2	640
1	A2	641
1	A2	642
1	A2	643
1	A2	644
1	A2	645
1	A2	646
1	A2	647
1	A2	648
1	A2	649
1	A2	650
1	A2	651
1	A2	652
1	A2	653
1	A2	654
1	A2	655
1	A2	656
1	A2	657
1	A2	658
1	A2	659
1	A2	660
1	A2	661
1	A2	662
1	A2	663
1	A2	664
1	A2	665
1	A2	666
1	A2	667
1	A2	668
1	A2	669
1	A2	670
1	A2	671
1	A2	672
1	A2	673
1	A2	674
1	A2	675
1	A2	676
1	A2	677
1	A2	678
1	A2	679
1	A2	680
1	A2	681
1	A2	682
1	A2	683
1	A2	684
1	A2	685
1	A2	686
1	A2	687
1	A2	688
1	A2	689
1	A2	690
1	A2	691
1	A2	692
1	A2	693
1	A2	694
1	A2	695
1	A2	696
1	A2	697
1	A2	698
1	A2	699
1	A2	700
1	A2	701
1	A2	702
1	A2	703
1	A2	704
1	A2	705
1	A2	706
1	A2	707
1	A2	708
1	A2	709
1	A2	710
1	A2	711
1	A2	712
1	A2	713
1	A2	714
1	A2	715
1	A2	716
1	A2	717
1	A2	718
1	A2	719
1	A2	720
1	A2	721
1	A2	722
1	A2	723
1	A2	724
1	A2	725
1	A2	726
1	A2	727
1	A2	728
1	A2	729
1	A2	730
1	A2	731
1	A2	732
1	A2	733
1	A2	734
1	A2	735
1	A2	736
1	A2	737
1	A2	738
1	A2	739
1	A2	740
1	A2	741
1	A2	742
1	A2	743
1	A2	744
1	A2	745
1	A2	746
1	A2	747
1	A2	748
1	A2	749
1	A2	750
1	A2	751
1	A2	752
1	A2	753
1	A2	754
1	A2	755
1	A2	756
1	A2	757
1	A2	758
1	A2	759
1	A2	760
1	A2	761
1	A2	762
1	A2	763
1	A2	764
1	A2	765
1	A2	766
1	A2	767
1	A2	768
1	A2	769
1	A2	770
1	A2	771
1	A2	772
1	A2	773
1	A2	774
1	A2	775
1	A2	776
1	A2	777
1	A2	778
1	A2	779
1	A2	780
1	A2	781
1	A2	782
1	A2	783
1	A2	784
1	A2	785
1	A2	786
1	A2	787
1	A2	788
1	A2	789
1	A2	790
1	A2	791
1	A2	792
1	A2	793
1	A2	794
1	A2	795
1	A2	796
1	A2	797
1	A2	798
1	A2	799
1	A2	800
1	A2	801
1	A2	802
1	A2	803
1	A2	804
1	A2	805
1	A2	806
1	A2	807
1	A2	808
1	A2	809
1	A2	810
1	A2	811
1	A2	812
1	A2	813
1	A2	814
1	A2	815
1	A2	816
1	A2	817
1	A2	818
1	A2	819
1	A2	820
1	A2	821
1	A2	822
1	A2	823
1	A2	824
1	A2	825
1	A2	826
1	A2	827
1	A2	828
1	A2	829
1	A2	830
1	A2	831
1	A2	832
1	A2	833
1	A2	834
1	A2	835
1	A2	836
1	A2	837
1	A2	838
1	A2	839
1	A2	840
1	A2	841
1	A2	842
1	A2	843
1	A2	844
1	A2	845
1	A2	846
1	A2	847
1	A2	848
1	A2	849
1	A2	850
1	A2	851
1	A2	852
1	A2	853
1	A2	854
1	A2	855
1	A2	856
1	A2	857
1	A2	858
1	A2	859
1	A2	860
1	A2	861
1	A2	862
1	A2	863
1	A2	864
1	A2	865
1	A2	866
1	A2	867
1	A2	868
1	A2	869
1	A2	870
1	A2	871
1	A2	872
1	A2	873
1	A2	874
1	A2	875
1	A2	876
1	A2	877
1	A2	878
1	A2	879
1	A2	880
1	A2	881
1	A2	882
1	A2	883
1	A2	884
1	A2	885
1	A2	886
1	A2	887
1	A2	888
1	A2	889
1	A2	890
1	A2	891
1	A2	892
1	A2	893
1	A2	894
1	A2	895
1	A2	896
1	A2	897
1	A2	898
1	A2	899
1	A2	900
1	A2	901
1	A2	902
1	A2	903
1	A2	904
1	A2	905
1	A2	906
1	A2	907
1	A2	908
1	A2	909
1	A2	910
1	A2	911
1	A2	912
1	A2	913
1	A2	914
1	A2	915
1	A2	916
1	A2	917
1	A2	918
1	A2	919
1	A2	920
1	A2	921
1	A2	922
1	A2	923
1	A2	924
1	A2	925
1	A2	926
1	A2	927
1	A2	928
1	A2	929
1	A2	930
1	A2	931
1	A2	932
1	A2	933
1	A2	934
1	A2	935
1	A2	936
1	A2	937
1	A2	938
1	A2	939
1	A2	940
1	A2	941
1	A2	942
1	A2	943
1	A2	944
1	A2	945
1	A2	946
1	A2	947
1	A2	948
1	A2	949
1	A2	950
1	A2	951
1	A2	952
1	A2	953
1	A2	954
1	A2	955
1	A2	956
1	A2	957
1	A2	958
1	A2	959
1	A2	960
1	A2	961
1	A2	962
1	A2	963
1	A2	964
1	A2	965
1	A2	966
1	A2	967
1	A2	968
1	A2	969
1	A2	970
1	A2	971
1	A2	972
1	A2	973
1	A2	974
1	A2	975
1	A2	976
1	A2	977
1	A2	978
1	A2	979
1	A2	980
1	A2	981
1	A2	982
1	A2	983
1	A2	984
1	A2	985
1	A2	986
1	A2	987
1	A2	988
1	A2	989
1	A2	990
1	A2	991
1	A2	992
1	A2	993
1	A2	994
1	A2	995
1	A2	996
1	A2	997
1	A2	998
1	A2	999
1	A2	1000
1	A2	1001
1	A2	1002
1	A2	1003
1	A2	1004
1	A2	1005
1	A2	1006
1	A2	1007
1	A2	1008
1	A2	1009
1	A2	1010
1	A2	1011
1	A2	1012
1	A2	1013
1	A2	1014
1	A2	1015
1	A2	1016
1	A2	1017
1	A2	1018
1	A2	1019
1	A2	1020
1	A2	1021
1	A2	1022
1	A2	1023
1	A2	1024
1	A2	1025
1	A2	1026
1	A2	1027
1	A2	1028
1	A2	1029
1	A2	1030
1	A2	1031
1	A2	1032
1	A2	1033
1	A2	1034
1	A2	1035
1	A2	1036
1	A2	1037
1	A2	1038
1	A2	1039
1	A2	1040
1	A2	1041
1	A2	1042
1	A2	1043
1	A2	1044
1	A2	1045
1	A2	1046
1	A2	1047
1	A2	1048
1	A2	1049
1	A2	1050
1	A2	1051
1	A2	1052
1	A2	1053
1	A2	1054
1	A2	1055
1	A2	1056
1	A2	1057
1	A2	1058
1	A2	1059
1	A2	1060
1	A2	1061
1	A2	1062
1	A2	1063
1	A2	1064
1	A2	1065
1	A2	1066
1	A2	1067
1	A2	1068
1	A2	1069
1	A2	1070
1	A2	1071
1	A2	1072
1	A2	1073
1	A2	1074
1	A2	1075
1	A2	1076
1	A2	1077
1	A2	1078
1	A2	1079
1	A2	1080
1	A2	1081
1	A2	1082
1	A2	1083
1	A2	1084
1	A2	1085
1	A2	1086
1	A2	1087
1	A2	1088
1	A2	1089
1	A2	1090
1	A2	1091
1	A2	1092
1	A2	1093
1	A2	1094
1	A2	1095
1	A2	1096
1	A2	1097
1	A2	1098
1	A2	1099
1	A2	1100
1	A2	1101
1	A2	1102
1	A2	1103
1	A2	1104
1	A2	1105
1	A2	1106
1	A2	1107
1	A2	1108
1	A2	1109
1	A2	1110
1	A2	1111
1	A2	1112
1	A2	1113
1	A2	1114
1	A2	1115
1	A2	1116
1	A2	1117
1	A2	1118
1	A2	1119
1	A2	1120
1	A2	1121
1	A2	1122
1	A2	1123
1	A2	1124
1	A2	1125
1	A2	1126
1	A2	1127
1	A2	1128
1	A2	1129
1	A2	1130
1	A2	1131
1	A2	1132
1	A2	1133
1	A2	1134
1	A2	1135
1	A2	1136
1	A2	1137
1	A2	1138
1	A2	1139
1	A2	1140
1	A2	1141
1	A2	1142
1	A2	1143
1	A2	1144
1	A2	1145
1	A2	1146
1	A2	1147
1	A2	1148
1	A2	1149
1	A2	1150
1	A2	1151
1	A2	1152
1	A2	1153
1	A2	1154
1	A2	1155
1	A2	1156
1	A2	1157
1	A2	1158
1	A2	1159
1	A2	1160
1	A2	1161
1	A2	1162
1	A2	1163
1	A2	1164
1	A2	1165
1	A2	1166
1	A2	1167
1	A2	1168
1	A2	1169
1	A2	1170
1	A2	1171
1	A2	1172
1	A2	1173
1	A2	1174
1	A2	1175
1	A2	1176
1	A2	1177
1	A2	1178
1	A2	1179
1	A2	1180
1	A2	1181
1	A2	1182
1	A2	1183
1	A2	1184
1	A2	1185
1	A2	1186
1	A2	1187
1	A2	1188
1	A2	1189
1	A2	1190
1	A2	1191
1	A2	1192
1	A2	1193
1	A2	1194
1	A2	1195
1	A2	1196
1	A2	1197
1	A2	1198
1	A2	1199
1	A2	1200
1	A2	1201
1	A2	1202
1	A2	1203
1	A2	1204
1	A2	1205
1	A2	1206
1	A2	1207
1	A2	1208
1	A2	1209
1	A2	1210
1	A2	1211
1	A2	1212
1	A2	1213
1	A2	1214
1	A2	1215
1	A2	1216
1	A2	1217
1	A2	1218
1	A2	1219
1	A2	1220
1	A2	1221
1	A2	1222
1	A2	1223
1	A2	1224
1	A2	1225
1	A2	1226
1	A2	1227
1	A2	1228
1	A2	1229
1	A2	1230
1	A2	1231
1	A2	1232
1	A2	1233
1	A2	1234
1	A2	1235
1	A2	1236
1	A2	1237
1	A2	1238
1	A2	1239
1	A2	1240
1	A2	1241
1	A2	1242
1	A2	1243
1	A2	1244
1	A2	1245
1	A2	1246
1	A2	1247
1	A2	1248
1	A2	1249
1	A2	1250
1	A2	1251
1	A2	1252
1	A2	1253
1	A2	1254
1	A2	1255
1	A2	1256
1	A2	1257
1	A2	1258
1	A2	1259
1	A2	1260
1	A2	1261
1	A2	1262
1	A2	1263
1	A2	1264
1	A2	1265
1	A2	1266
1	A2	1267
1	A2	1268
1	A2	1269
1	A2	1270
1	A2	1271
1	A2	1272
1	A2	1273
1	A2	1274
1	A2	1275
1	A2	1276
1	A2	1277
1	A2	1278
1	A2	1279
1	A2	1280
1	A2	1281
1	A2	1282
1	A2	1283
1	A2	1284
1	A2	1285
1	A2	1286
1	A2	1287
1	A2	1288
1	A2	1289
1	A2	1290
1	A2	1291
1	A2	1292
1	A2	1293
1	A2	1294
1	A2	1295
1	A2	1296
1	A2	1297
1	A2	1298
1	A2	1299
1	A2	1300
1	A2	1301
1	A2	1302
1	A2	1303
1	A2	1304
1	A2	1305
1	A2	1306
1	A2	1307
1	A2	1308
1	A2	1309
1	A2	1310
1	A2	1311
1	A2	1312
1	A2	1313
1	A2	1314
1	A2	1315
1	A2	1316
1	A2	1317
1	A2	1318
1	A2	1319
1	A2	1320
1	A2	1321
1	A2	1322
1	A2	1323
1	A2	1324
1	A2	1325
1	A2	1326
1	A2	1327
1	A2	1328
1	A2	1329
1	A2	1330
1	A2	1331
1	A2	1332
1	A2	1333
1	A2	1334
1	A2	1335
1	A2	1336
1	A2	1337
1	A2	1338
1	A2	1339
1	A2	1340
1	A2	1341
1	A2	1342
1	A2	1343
1	A2	1344
1	A2	1345
1	A2	1346
1	A2	1347
1	A2	1348
1	A2	1349
1	A2	1350
1	A2	1351
1	A2	1352
1	A2	1353
1	A2	1354
1	A2	1355
1	A2	1356
1	A2	1357
1	A2	1358
1	A2	1359
1	A2	1360
1	A2	1361
1	A2	1362
1	A2	1363
1	A2	1364
1	A2	1365
1	A2	1366
1	A2	1367
1	A2	1368
1	A2	1369
1	A2	1370
1	A2	1371
1	A2	1372
1	A2	1373
1	A2	1374
1	A2	1375
1	A2	1376
1	A2	1377
1	A2	1378
1	A2	1379
1	A2	1380
1	A2	1381
1	A2	1382
1	A2	1383
1	A2	1384
1	A2	1385
1	A2	1386
1	A2	1387
1	A2	1388
1	A2	1389
1	A2	1390
1	A2	1391
1	A2	1392
1	A2	1393
1	A2	1394
1	A2	1395
1	A2	1396
1	A2	1397
1	A2	1398
1	A2	1399
1	A2	1400
1	A2	1401
1	A2	1402
1	A2	1403
1	A2	1404
1	A2	1405
1	A2	1406
1	A2	1407
1	A2	1408
1	A2	1409
1	A2	1410
1	A2	1411
1	A2	1412
1	A2	1413
1	A2	1414
1	A2	1415
1	A2	1416
1	A2	1417
1	A2	1418
1	A2	1419
1	A2	1420
1	A2	1421
1	A2	1422
1	A2	1423
1	A2	1424
1	A2	1425
1	A2	1426
1	A2	1427
1	A2	1428
1	A2	1429
1	A2	1430
1	A2	1431
1	A2	1432
1	A2	1433
1	A2	1434
1	A2	1435
1	A2	1436
1	A2	1437
1	A2	1438
1	A2	1439
1	A2	1440
1	A2	1441
1	A2	1442
1	A2	1443
1	A2	1444
1	A2	1445
1	A2	1446
1	A2	1447
1	A2	1448
1	A2	1449
1	A2	1450
1	A2	1451
1	A2	1452
1	A2	1453
1	A2	1454
1	A2	1455
1	A2	1456
1	A2	1457
1	A2	1458
1	A2	1459
1	A2	1460
1	A2	1461
1	A2	1462
1	A2	1463
1	A2	1464
1	A2	1465
1	A2	1466
1	A2	1467
1	A2	1468
1	A2	1469
1	A2	1470
1	A2	1471
1	A2	1472
1	A2	1473
1	A2	1474
1	A2	1475
1	A2	1476
1	A2	1477
1	A2	1478
1	A2	1479
1	A2	1480
1	A2	1481
1	A2	1482
1	A2	1483
1	A2	1484
1	A2	1485
1	A2	1486
1	A2	1487
1	A2	1488
1	A2	1489
1	A2	1490
1	A2	1491
1	A2	1492
1	A2	1493
1	A2	1494
1	A2	1495
1	A2	1496
1	A2	1497
1	A2	1498
1	A2	1499
1	A2	1500
1	A2	1501
1	A2	1502
1	A2	1503
1	A2	1504
1	A2	1505
1	A2	1506
1	A2	1507
1	A2	1508
1	A2	1509
1	A2	1510
1	A2	1511
1	A2	1512
1	A2	1513
1	A2	1514
1	A2	1515
1	A2	1516
1	A2	1517
1	A2	1518
1	A2	1519
1	A2	1520
1	A2	1521
1	A2	1522
1	A2	1523
1	A2	1524
1	A2	1525
1	A2	1526
1	A2	1527
1	A2	1528
1	A2	1529
1	A2	1530
1	A2	1531
1	A2	1532
1	A2	1533
1	A2	1534
1	A2	1535
1	A2	1536
1	A2	1537
1	A2	1538
1	A2	1539
1	A2	1540
1	A2	1541
1	A2	1542
1	A2	1543
1	A2	1544
1	A2	1545
1	A2	1546
1	A2	1547
1	A2	1548
1	A2	1549
1	A2	1550
1	A2	1551
1	A2	1552
1	A2	1553
1	A2	1554
1	A2	1555
1	A2	1556
1	A2	1557
1	A2	1558
1	A2	1559
1	A2	1560
1	A2	1561
1	A2	1562
1	A2	1563
1	A2	1564
1	A2	1565
1	A2	1566
1	A2	1567
1	A2	1568
1	A2	1569
1	A2	1570
1	A2	1571
1	A2	1572
1	A2	1573
1	A2	1574
1	A2	1575
1	A2	1576
1	A2	1577
1	A2	1578
1	A2	1579
1	A2	1580
1	A2	1581
1	A2	1582
1	A2	1583
1	A2	1584
1	A2	1585
1	A2	1586
1	A2	1587
1	A2	1588
1	A2	1589
1	A2	1590
1	A2	1591
1	A2	1592
1	A2	1593
1	A2	1594
1	A2	1595
1	A2	1596
1	A2	1597
1	A2	1598
1	A2	1599
1	A2	1600
1	A2	1601
1	A2	1602
1	A2	1603
1	A2	1604
2	A1	0
2	A1	1
2	A1	2
2	A1	3
2	A1	4
2	A1	5
2	A1	6
2	A1	7
2	A1	8
2	A1	9
2	A1	10
2	A1	11
2	A1	12
2	A1	13
2	A1	14
2	A1	15
2	A1	16
2	A1	17
2	A1	18
2	A1	19
2	A1	20
2	A1	21
2	A1	22
2	A1	23
2	A1	24
2	A1	25
2	A1	26
2	A1	27
2	A1	28
2	A1	29
2	A1	30
2	A1	31
2	A1	32
2	A1	33
2	A1	34
2	A1	35
2	A1	36
2	A1	37
2	A1	38
2	A1	39
2	A1	40
2	A1	41
2	A1	42
2	A1	43
2	A1	44
2	A1	45
2	A1	46
2	A1	47
2	A1	48
2	A1	49
2	A1	50
2	A1	51
2	A1	52
2	A1	53
2	A1	54
2	A1	55
2	A1	56
2	A1	57
2	A1	58
2	A1	59
2	A1	60
2	A1	61
2	A1	62
2	A1	63
2	A1	64
2	A1	65
2	A1	66
2	A1	67
2	A1	68
2	A1	69
2	A1	70
2	A1	71
2	A1	72
2	A1	73
2	A1	74
2	A1	75
2	A1	76
2	A1	77
2	A1	78
2	A1	79
2	A1	80
2	A1	81
2	A1	82
2	A1	83
2	A1	84
2	A1	85
2	A1	86
2	A1	87
2	A1	88
2	A1	89
2	A1	90
2	A1	91
2	A1	92
2	A1	93
2	A1	94
2	A1	95
2	A1	96
2	A1	97
2	A1	98
2	A1	99
2	A1	100
2	A1	101
2	A1	102
2	A1	103
2	A1	104
2	A1	105
2	A1	106
2	A1	107
2	A1	108
2	A1	109
2	A1	110
2	A1	111
2	A1	112
2	A1	113
2	A1	114
2	A1	115
2	A1	116
2	A1	117
2	A1	118
2	A1	119
2	A1	120
2	A1	121
2	A1	122
2	A1	123
2	A1	124
2	A1	125
2	A1	126
2	A1	127
2	A1	128
2	A1	129
2	A1	130
2	A1	131
2	A1	132
2	A1	133
2	A1	134
2	A1	135
2	A1	136
2	A1	137
2	A1	138
2	A1	139
2	A1	140
2	A1	141
2	A1	142
2	A1	143
2	A1	144
2	A1	145
2	A1	146
2	A1	147
2	A1	148
2	A1	149
2	A1	150
2	A1	151
2	A1	152
2	A1	153
2	A1	154
2	A1	155
2	A1	156
2	A1	157
2	A1	158
2	A1	159
2	A1	160
2	A1	161
2	A1	162
2	A1	163
2	A1	164
2	A1	165
2	A1	166
2	A1	167
2	A1	168
2	A1	169
2	A1	170
2	A1	171
2	A1	172
2	A1	173
2	A1	174
2	A1	175
2	A1	176
2	A1	177
2	A1	178
2	A1	179
2	A1	180
2	A1	181
2	A1	182
2	A1	183
2	A1	184
2	A1	185
2	A1	186
2	A1	187
2	A1	188
2	A1	189
2	A1	190
2	A1	191
2	A1	192
2	A1	193
2	A1	194
2	A1	195
2	A1	196
2	A1	197
2	A1	198
2	A1	199
2	A1	200
2	A1	201
2	A1	202
2	A1	203
2	A1	204
2	A1	205
2	A1	206
2	A1	207
2	A1	208
2	A1	209
2	A1	210
2	A1	211
2	A1	212
2	A1	213
2	A1	214
2	A1	215
2	A1	216
2	A1	217
2	A1	218
2	A1	219
2	A1	220
2	A1	221
2	A1	222
2	A1	223
2	A1	224
2	A1	225
2	A1	226
2	A1	227
2	A1	228
2	A1	229
2	A1	230
2	A1	231
2	A1	232
2	A1	233
2	A1	234
2	A1	235
2	A1	236
2	A1	237
2	A1	238
2	A1	239
2	A1	240
2	A1	241
2	A1	242
2	A1	243
2	A1	244
2	A1	245
2	A1	246
2	A1	247
2	A1	248
2	A1	249
2	A1	250
2	A1	251
2	A1	252
2	A1	253
2	A1	254
2	A1	255
2	A1	256
2	A1	257
2	A1	258
2	A1	259
2	A1	260
2	A1	261
2	A1	262
2	A1	263
2	A1	264
2	A1	265
2	A1	266
2	A1	267
2	A1	268
2	A1	269
2	A1	270
2	A1	271
2	A1	272
2	A1	273
2	A1	274
2	A1	275
2	A1	276
2	A1	277
2	A1	278
2	A1	279
2	A1	280
2	A1	281
2	A1	282
2	A1	283
2	A1	284
2	A1	285
2	A1	286
2	A1	287
2	A1	288
2	A1	289
2	A1	290
2	A1	291
2	A1	292
2	A1	293
2	A1	294
2	A1	295
2	A1	296
2	A1	297
2	A1	298
2	A1	299
2	A1	300
2	A1	301
2	A1	302
2	A1	303
2	A1	304
2	A1	305
2	A1	306
2	A1	307
2	A1	308
2	A1	309
2	A1	310
2	A1	311
2	A1	312
2	A1	313
2	A1	314
2	A1	315
2	A1	316
2	A1	317
2	A1	318
2	A1	319
2	A1	320
2	A1	321
2	A1	322
2	A1	323
2	A1	324
2	A1	325
2	A1	326
2	A1	327
2	A1	328
2	A1	329
2	A1	330
2	A1	331
2	A1	332
2	A1	333
2	A1	334
2	A1	335
2	A1	336
2	A1	337
2	A1	338
2	A1	339
2	A1	340
2	A1	341
2	A1	342
2	A1	343
2	A1	344
2	A1	345
2	A1	346
2	A1	347
2	A1	348
2	A1	349
2	A1	350
2	A1	351
2	A1	352
2	A1	353
2	A1	354
2	A1	355
2	A1	356
2	A1	357
2	A1	358
2	A1	359
2	A1	360
2	A1	361
2	A1	362
2	A1	363
2	A1	364
2	A1	365
2	A1	366
2	A1	367
2	A1	368
2	A1	369
2	A1	370
2	A1	371
2	A1	372
2	A1	373
2	A1	374
2	A1	375
2	A1	376
2	A1	377
2	A1	378
2	A1	379
2	A1	380
2	A1	381
2	A1	382
2	A1	383
2	A1	384
2	A1	385
2	A1	386
2	A1	387
2	A1	388
2	A1	389
2	A1	390
2	A1	391
2	A1	392
2	A1	393
2	A1	394
2	A1	395
2	A1	396
2	A1	397
2	A1	398
2	A1	399
2	A1	400
2	A1	401
2	A1	402
2	A1	403
2	A1	404
2	A1	405
2	A1	406
2	A1	407
2	A1	408
2	A1	409
2	A1	410
2	A1	411
2	A1	412
2	A1	413
2	A1	414
2	A1	415
2	A1	416
2	A1	417
2	A1	418
2	A1	419
2	A1	420
2	A1	421
2	A1	422
2	A1	423
2	A1	424
2	A1	425
2	A1	426
2	A1	427
2	A1	428
2	A1	429
2	A1	430
2	A1	431
2	A1	432
2	A1	433
2	A1	434
2	A1	435
2	A1	436
2	A1	437
2	A1	438
2	A1	439
2	A1	440
2	A1	441
2	A1	442
2	A1	443
2	A1	444
2	A1	445
2	A1	446
2	A1	447
2	A1	448
2	A1	449
2	A1	450
2	A1	451
2	A1	452
2	A1	453
2	A1	454
2	A1	455
2	A1	456
2	A1	457
2	A1	458
2	A1	459
2	A1	460
2	A1	461
2	A1	462
2	A1	463
2	A1	464
2	A1	465
2	A1	466
2	A1	467
2	A1	468
2	A1	469
2	A1	470
2	A1	471
2	A1	472
2	A1	473
2	A1	474
2	A1	475
2	A1	476
2	A1	477
2	A1	478
2	A1	479
2	A1	480
2	A1	481
2	A1	482
2	A1	483
2	A1	484
2	A1	485
2	A1	486
2	A1	487
2	A1	488
2	A1	489
2	A1	490
2	A1	491
2	A1	492
2	A1	493
2	A1	494
2	A1	495
2	A1	496
2	A1	497
2	A1	498
2	A1	499
2	A1	500
2	A1	501
2	A1	502
2	A1	503
2	A1	504
2	A1	505
2	A1	506
2	A1	507
2	A1	508
2	A1	509
2	A1	510
2	A1	511
2	A1	512
2	A1	513
2	A1	514
2	A1	515
2	A1	516
2	A1	517
2	A1	518
2	A1	519
2	A1	520
2	A1	521
2	A1	522
2	A1	523
2	A1	524
2	A1	525
2	A1	526
2	A1	527
2	A1	528
2	A1	529
2	A1	530
2	A1	531
2	A1	532
2	A1	533
2	A1	534
2	A1	535
2	A1	536
2	A1	537
2	A1	538
2	A1	539
2	A1	540
2	A1	541
2	A1	542
2	A1	543
2	A1	544
2	A1	545
2	A1	546
2	A1	547
2	A1	548
2	A1	549
2	A1	550
2	A1	551
2	A1	552
2	A1	553
2	A1	554
2	A1	555
2	A1	556
2	A1	557
2	A1	558
2	A1	559
2	A1	560
2	A1	561
2	A1	562
2	A1	563
2	A1	564
2	A1	565
2	A1	566
2	A1	567
2	A1	568
2	A1	569
2	A1	570
2	A1	571
2	A1	572
2	A1	573
2	A1	574
2	A1	575
2	A1	576
2	A1	577
2	A1	578
2	A1	579
2	A1	580
2	A1	581
2	A1	582
2	A1	583
2	A1	584
2	A1	585
2	A1	586
2	A1	587
2	A1	588
2	A1	589
2	A1	590
2	A1	591
2	A1	592
2	A1	593
2	A1	594
2	A1	595
2	A1	596
2	A1	597
2	A1	598
2	A1	599
2	A1	600
2	A1	601
2	A1	602
2	A1	603
2	A1	604
2	A1	605
2	A1	606
2	A1	607
2	A1	608
2	A1	609
2	A1	610
2	A1	611
2	A1	612
2	A1	613
2	A1	614
2	A1	615
2	A1	616
2	A1	617
2	A1	618
2	A1	619
2	A1	620
2	A1	621
2	A1	622
2	A1	623
2	A1	624
2	A1	625
2	A1	626
2	A1	627
2	A1	628
2	A1	629
2	A1	630
2	A1	631
2	A1	632
2	A1	633
2	A1	634
2	A1	635
2	A1	636
2	A1	637
2	A1	638
2	A1	639
2	A1	640
2	A1	641
2	A1	642
2	A1	643
2	A1	644
2	A1	645
2	A1	646
2	A1	647
2	A1	648
2	A1	649
2	A1	650
2	A1	651
2	A1	652
2	A1	653
2	A1	654
2	A1	655
2	A1	656
2	A1	657
2	A1	658
2	A1	659
2	A1	660
2	A1	661
2	A1	662
2	A1	663
2	A1	664
2	A1	665
2	A1	666
2	A1	667
2	A1	668
2	A1	669
2	A1	670
2	A1	671
2	A1	672
2	A1	673
2	A1	674
2	A1	675
2	A1	676
2	A1	677
2	A1	678
2	A1	679
2	A1	680
2	A1	681
2	A1	682
2	A1	683
2	A1	684
2	A1	685
2	A1	686
2	A1	687
2	A1	688
2	A1	689
2	A1	690
2	A1	691
2	A1	692
2	A1	693
2	A1	694
2	A1	695
2	A1	696
2	A1	697
2	A1	698
2	A1	699
2	A1	700
2	A1	701
2	A1	702
2	A1	703
2	A1	704
2	A1	705
2	A1	706
2	A1	707
2	A1	708
2	A1	709
2	A1	710
2	A1	711
2	A1	712
2	A1	713
2	A1	714
2	A1	715
2	A1	716
2	A1	717
2	A1	718
2	A1	719
2	A1	720
2	A1	721
2	A1	722
2	A1	723
2	A1	724
2	A1	725
2	A1	726
2	A1	727
2	A1	728
2	A1	729
2	A1	730
2	A1	731
2	A1	732
2	A1	733
2	A1	734
2	A1	735
2	A1	736
2	A1	737
2	A1	738
2	A1	739
2	A1	740
2	A1	741
2	A1	742
2	A1	743
2	A1	744
2	A1	745
2	A1	746
2	A1	747
2	A1	748
2	A1	749
2	A1	750
2	A1	751
2	A1	752
2	A1	753
2	A1	754
2	A1	755
2	A1	756
2	A1	757
2	A1	758
2	A1	759
2	A1	760
2	A1	761
2	A1	762
2	A1	763
2	A1	764
2	A1	765
2	A1	766
2	A1	767
2	A1	768
2	A1	769
2	A1	770
2	A1	771
2	A1	772
2	A1	773
2	A1	774
2	A1	775
2	A1	776
2	A1	777
2	A1	778
2	A1	779
2	A1	780
2	A1	781
2	A1	782
2	A1	783
2	A1	784
2	A1	785
2	A1	786
2	A1	787
2	A1	788
2	A1	789
2	A1	790
2	A1	791
2	A1	792
2	A1	793
2	A1	794
2	A1	795
2	A1	796
2	A1	797
2	A1	798
2	A1	799
2	A1	800
2	A1	801
2	A1	802
2	A1	803
2	A1	804
2	A1	805
2	A1	806
2	A1	807
2	A1	808
2	A1	809
2	A1	810
2	A1	811
2	A1	812
2	A1	813
2	A1	814
2	A1	815
2	A1	816
2	A1	817
2	A1	818
2	A1	819
2	A1	820
2	A1	821
2	A1	822
2	A1	823
2	A1	824
2	A1	825
2	A1	826
2	A1	827
2	A1	828
2	A1	829
2	A1	830
2	A1	831
2	A1	832
2	A1	833
2	A1	834
2	A1	835
2	A1	836
2	A1	837
2	A1	838
2	A1	839
2	A1	840
2	A1	841
2	A1	842
2	A1	843
2	A1	844
2	A1	845
2	A1	846
2	A1	847
2	A1	848
2	A1	849
2	A1	850
2	A1	851
2	A1	852
2	A1	853
2	A1	854
2	A1	855
2	A1	856
2	A1	857
2	A1	858
2	A1	859
2	A1	860
2	A1	861
2	A1	862
2	A1	863
2	A1	864
2	A1	865
2	A1	866
2	A1	867
2	A1	868
2	A1	869
2	A1	870
2	A1	871
2	A1	872
2	A1	873
2	A1	874
2	A1	875
2	A1	876
2	A1	877
2	A1	878
2	A1	879
2	A1	880
2	A1	881
2	A1	882
2	A1	883
2	A1	884
2	A1	885
2	A1	886
2	A1	887
2	A1	888
2	A1	889
2	A1	890
2	A1	891
2	A1	892
2	A1	893
2	A1	894
2	A1	895
2	A1	896
2	A1	897
2	A1	898
2	A1	899
2	A1	900
2	A1	901
2	A1	902
2	A1	903
2	A1	904
2	A1	905
2	A1	906
2	A1	907
2	A1	908
2	A1	909
2	A1	910
2	A1	911
2	A1	912
2	A1	913
2	A1	914
2	A1	915
2	A1	916
2	A1	917
2	A1	918
2	A1	919
2	A1	920
2	A1	921
2	A1	922
2	A1	923
2	A1	924
2	A1	925
2	A1	926
2	A1	927
2	A1	928
2	A1	929
2	A1	930
2	A1	931
2	A1	932
2	A1	933
2	A1	934
2	A1	935
2	A1	936
2	A1	937
2	A1	938
2	A1	939
2	A1	940
2	A1	941
2	A1	942
2	A1	943
2	A1	944
2	A1	945
2	A1	946
2	A1	947
2	A1	948
2	A1	949
2	A1	950
2	A1	951
2	A1	952
2	A1	953
2	A1	954
2	A1	955
2	A1	956
2	A1	957
2	A1	958
2	A1	959
2	A1	960
2	A1	961
2	A1	962
2	A1	963
2	A1	964
2	A1	965
2	A1	966
2	A1	967
2	A1	968
2	A1	969
2	A1	970
2	A1	971
2	A1	972
2	A1	973
2	A1	974
2	A1	975
2	A1	976
2	A1	977
2	A1	978
2	A1	979
2	A1	980
2	A1	981
2	A1	982
2	A1	983
2	A1	984
2	A1	985
2	A1	986
2	A1	987
2	A1	988
2	A1	989
2	A1	990
2	A1	991
2	A1	992
2	A1	993
2	A1	994
2	A1	995
2	A1	996
2	A1	997
2	A1	998
2	A1	999
2	A1	1000
2	A1	1001
2	A1	1002
2	A1	1003
2	A1	1004
2	A1	1005
2	A1	1006
2	A1	1007
2	A1	1008
2	A1	1009
2	A1	1010
2	A1	1011
2	A1	1012
2	A1	1013
2	A1	1014
2	A1	1015
2	A1	1016
2	A1	1017
2	A1	1018
2	A1	1019
2	A1	1020
2	A1	1021
2	A1	1022
2	A1	1023
2	A1	1024
2	A1	1025
2	A1	1026
2	A1	1027
2	A1	1028
2	A1	1029
2	A1	1030
2	A1	1031
2	A1	1032
2	A1	1033
2	A1	1034
2	A1	1035
2	A1	1036
2	A1	1037
2	A1	1038
2	A1	1039
2	A1	1040
2	A1	1041
2	A1	1042
2	A1	1043
2	A1	1044
2	A1	1045
2	A1	1046
2	A1	1047
2	A1	1048
2	A1	1049
2	A1	1050
2	A1	1051
2	A1	1052
2	A1	1053
2	A1	1054
2	A1	1055
2	A1	1056
2	A1	1057
2	A1	1058
2	A1	1059
2	A1	1060
2	A1	1061
2	A1	1062
2	A1	1063
2	A1	1064
2	A1	1065
2	A1	1066
2	A1	1067
2	A1	1068
2	A1	1069
2	A1	1070
2	A1	1071
2	A1	1072
2	A1	1073
2	A1	1074
2	A1	1075
2	A1	1076
2	A1	1077
2	A1	1078
2	A1	1079
2	A1	1080
2	A1	1081
2	A1	1082
2	A1	1083
2	A1	1084
2	A1	1085
2	A1	1086
2	A1	1087
2	A1	1088
2	A1	1089
2	A1	1090
2	A1	1091
2	A1	1092
2	A1	1093
2	A1	1094
2	A1	1095
2	A1	1096
2	A1	1097
2	A1	1098
2	A1	1099
2	A1	1100
2	A1	1101
2	A1	1102
2	A1	1103
2	A1	1104
2	A1	1105
2	A1	1106
2	A1	1107
2	A1	1108
2	A1	1109
2	A1	1110
2	A1	1111
2	A1	1112
2	A1	1113
2	A1	1114
2	A1	1115
2	A1	1116
2	A1	1117
2	A1	1118
2	A1	1119
2	A1	1120
2	A1	1121
2	A1	1122
2	A1	1123
2	A1	1124
2	A1	1125
2	A1	1126
2	A1	1127
2	A1	1128
2	A1	1129
2	A1	1130
2	A1	1131
2	A1	1132
2	A1	1133
2	A1	1134
2	A1	1135
2	A1	1136
2	A1	1137
2	A1	1138
2	A1	1139
2	A1	1140
2	A1	1141
2	A1	1142
2	A1	1143
2	A1	1144
2	A1	1145
2	A1	1146
2	A1	1147
2	A1	1148
2	A1	1149
2	A1	1150
2	A1	1151
2	A1	1152
2	A1	1153
2	A1	1154
2	A1	1155
2	A1	1156
2	A1	1157
2	A1	1158
2	A1	1159
2	A1	1160
2	A1	1161
2	A1	1162
2	A1	1163
2	A1	1164
2	A1	1165
2	A1	1166
2	A1	1167
2	A1	1168
2	A1	1169
2	A1	1170
2	A1	1171
2	A1	1172
2	A1	1173
2	A1	1174
2	A1	1175
2	A1	1176
2	A1	1177
2	A1	1178
2	A1	1179
2	A1	1180
2	A1	1181
2	A1	1182
2	A1	1183
2	A1	1184
2	A1	1185
2	A1	1186
2	A1	1187
2	A1	1188
2	A1	1189
2	A1	1190
2	A1	1191
2	A1	1192
2	A1	1193
2	A1	1194
2	A1	1195
2	A1	1196
2	A1	1197
2	A1	1198
2	A1	1199
2	A1	1200
2	A1	1201
2	A1	1202
2	A1	1203
2	A1	1204
2	A1	1205
2	A1	1206
2	A1	1207
2	A1	1208
2	A1	1209
2	A1	1210
2	A1	1211
2	A1	1212
2	A1	1213
2	A1	1214
2	A1	1215
2	A1	1216
2	A1	1217
2	A1	1218
2	A1	1219
2	A1	1220
2	A1	1221
2	A1	1222
2	A1	1223
2	A1	1224
2	A1	1225
2	A1	1226
2	A1	1227
2	A1	1228
2	A1	1229
2	A1	1230
2	A1	1231
2	A1	1232
2	A1	1233
2	A1	1234
2	A1	1235
2	A1	1236
2	A1	1237
2	A1	1238
2	A1	1239
2	A1	1240
2	A1	1241
2	A1	1242
2	A1	1243
2	A1	1244
2	A1	1245
2	A1	1246
2	A1	1247
2	A1	1248
2	A1	1249
2	A1	1250
2	A1	1251
2	A1	1252
2	A1	1253
2	A1	1254
2	A1	1255
2	A1	1256
2	A1	1257
2	A1	1258
2	A1	1259
2	A1	1260
2	A1	1261
2	A1	1262
2	A1	1263
2	A1	1264
2	A1	1265
2	A1	1266
2	A1	1267
2	A1	1268
2	A1	1269
2	A1	1270
2	A1	1271
2	A1	1272
2	A1	1273
2	A1	1274
2	A1	1275
2	A1	1276
2	A1	1277
2	A1	1278
2	A1	1279
2	A1	1280
2	A1	1281
2	A1	1282
2	A1	1283
2	A1	1284
2	A1	1285
2	A1	1286
2	A1	1287
2	A1	1288
2	A1	1289
2	A1	1290
2	A1	1291
2	A1	1292
2	A1	1293
2	A1	1294
2	A1	1295
2	A1	1296
2	A1	1297
2	A1	1298
2	A1	1299
2	A1	1300
2	A1	1301
2	A1	1302
2	A1	1303
2	A1	1304
2	A1	1305
2	A1	1306
2	A1	1307
2	A1	1308
2	A1	1309
2	A1	1310
2	A1	1311
2	A1	1312
2	A1	1313
2	A1	1314
2	A1	1315
2	A1	1316
2	A1	1317
2	A1	1318
2	A1	1319
2	A1	1320
2	A1	1321
2	A1	1322
2	A1	1323
2	A1	1324
2	A1	1325
2	A1	1326
2	A1	1327
2	A1	1328
2	A1	1329
2	A1	1330
2	A1	1331
2	A1	1332
2	A1	1333
2	A1	1334
2	A1	1335
2	A1	1336
2	A1	1337
2	A1	1338
2	A1	1339
2	A1	1340
2	A1	1341
2	A1	1342
2	A1	1343
2	A1	1344
2	A1	1345
2	A1	1346
2	A1	1347
2	A1	1348
2	A1	1349
2	A1	1350
2	A1	1351
2	A1	1352
2	A1	1353
2	A1	1354
2	A1	1355
2	A1	1356
2	A1	1357
2	A1	1358
2	A1	1359
2	A1	1360
2	A1	1361
2	A1	1362
2	A1	1363
2	A1	1364
2	A1	1365
2	A1	1366
2	A1	1367
2	A1	1368
2	A1	1369
2	A1	1370
2	A1	1371
2	A1	1372
2	A1	1373
2	A1	1374
2	A1	1375
2	A1	1376
2	A1	1377
2	A1	1378
2	A1	1379
2	A1	1380
2	A1	1381
2	A1	1382
2	A1	1383
2	A1	1384
2	A1	1385
2	A1	1386
2	A1	1387
2	A1	1388
2	A1	1389
2	A1	1390
2	A1	1391
2	A1	1392
2	A1	1393
2	A1	1394
2	A1	1395
2	A1	1396
2	A1	1397
2	A1	1398
2	A1	1399
2	A1	1400
2	A1	1401
2	A1	1402
2	A1	1403
2	A1	1404
2	A1	1405
2	A1	1406
2	A1	1407
2	A1	1408
2	A1	1409
2	A1	1410
2	A1	1411
2	A1	1412
2	A1	1413
2	A1	1414
2	A1	1415
2	A1	1416
2	A1	1417
2	A1	1418
2	A1	1419
2	A1	1420
2	A1	1421
2	A1	1422
2	A1	1423
2	A1	1424
2	A1	1425
2	A1	1426
2	A1	1427
2	A1	1428
2	A1	1429
2	A1	1430
2	A1	1431
2	A1	1432
2	A1	1433
2	A1	1434
2	A1	1435
2	A1	1436
2	A1	1437
2	A1	1438
2	A1	1439
2	A1	1440
2	A1	1441
2	A1	1442
2	A1	1443
2	A1	1444
2	A1	1445
2	A1	1446
2	A1	1447
2	A1	1448
2	A1	1449
2	A1	1450
2	A1	1451
2	A1	1452
2	A1	1453
2	A1	1454
2	A1	1455
2	A1	1456
2	A1	1457
2	A1	1458
2	A1	1459
2	A1	1460
2	A1	1461
2	A1	1462
2	A1	1463
2	A1	1464
2	A1	1465
2	A1	1466
2	A1	1467
2	A1	1468
2	A1	1469
2	A1	1470
2	A1	1471
2	A1	1472
2	A1	1473
2	A1	1474
2	A1	1475
2	A1	1476
2	A1	1477
2	A1	1478
2	A1	1479
2	A1	1480
2	A1	1481
2	A1	1482
2	A1	1483
2	A1	1484
2	A1	1485
2	A1	1486
2	A1	1487
2	A1	1488
2	A1	1489
2	A1	1490
2	A1	1491
2	A1	1492
2	A1	1493
2	A1	1494
2	A1	1495
2	A1	1496
2	A1	1497
2	A1	1498
2	A1	1499
2	A1	1500
2	A1	1501
2	A1	1502
2	A1	1503
2	A1	1504
2	A1	1505
2	A1	1506
2	A1	1507
2	A1	1508
2	A1	1509
2	A1	1510
2	A1	1511
2	A1	1512
2	A1	1513
2	A1	1514
2	A1	1515
2	A1	1516
2	A1	1517
2	A1	1518
2	A1	1519
2	A1	1520
2	A1	1521
2	A1	1522
2	A1	1523
2	A1	1524
2	A1	1525
2	A1	1526
2	A1	1527
2	A1	1528
2	A1	1529
2	A1	1530
2	A1	1531
2	A1	1532
2	A1	1533
2	A1	1534
2	A1	1535
2	A1	1536
2	A1	1537
2	A1	1538
2	A1	1539
2	A1	1540
2	A1	1541
2	A1	1542
2	A1	1543
2	A1	1544
2	A1	1545
2	A1	1546
2	A1	1547
2	A1	1548
2	A1	1549
2	A1	1550
2	A1	1551
2	A1	1552
2	A1	1553
2	A1	1554
2	A1	1555
2	A1	1556
2	A1	1557
2	A1	1558
2	A1	1559
2	A1	1560
2	A1	1561
2	A1	1562
2	A1	1563
2	A1	1564
2	A1	1565
2	A1	1566
2	A1	1567
2	A1	1568
2	A1	1569
2	A1	1570
2	A1	1571
2	A1	1572
2	A1	1573
2	A1	1574
2	A1	1575
2	A1	1576
2	A1	1577
2	A1	1578
2	A1	1579
2	A1	1580
2	A1	1581
2	A1	1582
2	A1	1583
2	A1	1584
2	A1	1585
2	A1	1586
2	A1	1587
2	A1	1588
2	A1	1589
2	A1	1590
2	A1	1591
2	A1	1592
2	A1	1593
2	A1	1594
2	A1	1595
2	A1	1596
2	A1	1597
2	A1	1598
2	A1	1599
2	A1	1600
2	A1	1601
2	A1	1602
2	A1	1603
2	A1	1604
2	A2	0
2	A2	1
2	A2	2
2	A2	3
2	A2	4
2	A2	5
2	A2	6
2	A2	7
2	A2	8
2	A2	9
2	A2	10
2	A2	11
2	A2	12
2	A2	13
2	A2	14
2	A2	15
2	A2	16
2	A2	17
2	A2	18
2	A2	19
2	A2	20
2	A2	21
2	A2	22
2	A2	23
2	A2	24
2	A2	25
2	A2	26
2	A2	27
2	A2	28
2	A2	29
2	A2	30
2	A2	31
2	A2	32
2	A2	33
2	A2	34
2	A2	35
2	A2	36
2	A2	37
2	A2	38
2	A2	39
2	A2	40
2	A2	41
2	A2	42
2	A2	43
2	A2	44
2	A2	45
2	A2	46
2	A2	47
2	A2	48
2	A2	49
2	A2	50
2	A2	51
2	A2	52
2	A2	53
2	A2	54
2	A2	55
2	A2	56
2	A2	57
2	A2	58
2	A2	59
2	A2	60
2	A2	61
2	A2	62
2	A2	63
2	A2	64
2	A2	65
2	A2	66
2	A2	67
2	A2	68
2	A2	69
2	A2	70
2	A2	71
2	A2	72
2	A2	73
2	A2	74
2	A2	75
2	A2	76
2	A2	77
2	A2	78
2	A2	79
2	A2	80
2	A2	81
2	A2	82
2	A2	83
2	A2	84
2	A2	85
2	A2	86
2	A2	87
2	A2	88
2	A2	89
2	A2	90
2	A2	91
2	A2	92
2	A2	93
2	A2	94
2	A2	95
2	A2	96
2	A2	97
2	A2	98
2	A2	99
2	A2	100
2	A2	101
2	A2	102
2	A2	103
2	A2	104
2	A2	105
2	A2	106
2	A2	107
2	A2	108
2	A2	109
2	A2	110
2	A2	111
2	A2	112
2	A2	113
2	A2	114
2	A2	115
2	A2	116
2	A2	117
2	A2	118
2	A2	119
2	A2	120
2	A2	121
2	A2	122
2	A2	123
2	A2	124
2	A2	125
2	A2	126
2	A2	127
2	A2	128
2	A2	129
2	A2	130
2	A2	131
2	A2	132
2	A2	133
2	A2	134
2	A2	135
2	A2	136
2	A2	137
2	A2	138
2	A2	139
2	A2	140
2	A2	141
2	A2	142
2	A2	143
2	A2	144
2	A2	145
2	A2	146
2	A2	147
2	A2	148
2	A2	149
2	A2	150
2	A2	151
2	A2	152
2	A2	153
2	A2	154
2	A2	155
2	A2	156
2	A2	157
2	A2	158
2	A2	159
2	A2	160
2	A2	161
2	A2	162
2	A2	163
2	A2	164
2	A2	165
2	A2	166
2	A2	167
2	A2	168
2	A2	169
2	A2	170
2	A2	171
2	A2	172
2	A2	173
2	A2	174
2	A2	175
2	A2	176
2	A2	177
2	A2	178
2	A2	179
2	A2	180
2	A2	181
2	A2	182
2	A2	183
2	A2	184
2	A2	185
2	A2	186
2	A2	187
2	A2	188
2	A2	189
2	A2	190
2	A2	191
2	A2	192
2	A2	193
2	A2	194
2	A2	195
2	A2	196
2	A2	197
2	A2	198
2	A2	199
2	A2	200
2	A2	201
2	A2	202
2	A2	203
2	A2	204
2	A2	205
2	A2	206
2	A2	207
2	A2	208
2	A2	209
2	A2	210
2	A2	211
2	A2	212
2	A2	213
2	A2	214
2	A2	215
2	A2	216
2	A2	217
2	A2	218
2	A2	219
2	A2	220
2	A2	221
2	A2	222
2	A2	223
2	A2	224
2	A2	225
2	A2	226
2	A2	227
2	A2	228
2	A2	229
2	A2	230
2	A2	231
2	A2	232
2	A2	233
2	A2	234
2	A2	235
2	A2	236
2	A2	237
2	A2	238
2	A2	239
2	A2	240
2	A2	241
2	A2	242
2	A2	243
2	A2	244
2	A2	245
2	A2	246
2	A2	247
2	A2	248
2	A2	249
2	A2	250
2	A2	251
2	A2	252
2	A2	253
2	A2	254
2	A2	255
2	A2	256
2	A2	257
2	A2	258
2	A2	259
2	A2	260
2	A2	261
2	A2	262
2	A2	263
2	A2	264
2	A2	265
2	A2	266
2	A2	267
2	A2	268
2	A2	269
2	A2	270
2	A2	271
2	A2	272
2	A2	273
2	A2	274
2	A2	275
2	A2	276
2	A2	277
2	A2	278
2	A2	279
2	A2	280
2	A2	281
2	A2	282
2	A2	283
2	A2	284
2	A2	285
2	A2	286
2	A2	287
2	A2	288
2	A2	289
2	A2	290
2	A2	291
2	A2	292
2	A2	293
2	A2	294
2	A2	295
2	A2	296
2	A2	297
2	A2	298
2	A2	299
2	A2	300
2	A2	301
2	A2	302
2	A2	303
2	A2	304
2	A2	305
2	A2	306
2	A2	307
2	A2	308
2	A2	309
2	A2	310
2	A2	311
2	A2	312
2	A2	313
2	A2	314
2	A2	315
2	A2	316
2	A2	317
2	A2	318
2	A2	319
2	A2	320
2	A2	321
2	A2	322
2	A2	323
2	A2	324
2	A2	325
2	A2	326
2	A2	327
2	A2	328
2	A2	329
2	A2	330
2	A2	331
2	A2	332
2	A2	333
2	A2	334
2	A2	335
2	A2	336
2	A2	337
2	A2	338
2	A2	339
2	A2	340
2	A2	341
2	A2	342
2	A2	343
2	A2	344
2	A2	345
2	A2	346
2	A2	347
2	A2	348
2	A2	349
2	A2	350
2	A2	351
2	A2	352
2	A2	353
2	A2	354
2	A2	355
2	A2	356
2	A2	357
2	A2	358
2	A2	359
2	A2	360
2	A2	361
2	A2	362
2	A2	363
2	A2	364
2	A2	365
2	A2	366
2	A2	367
2	A2	368
2	A2	369
2	A2	370
2	A2	371
2	A2	372
2	A2	373
2	A2	374
2	A2	375
2	A2	376
2	A2	377
2	A2	378
2	A2	379
2	A2	380
2	A2	381
2	A2	382
2	A2	383
2	A2	384
2	A2	385
2	A2	386
2	A2	387
2	A2	388
2	A2	389
2	A2	390
2	A2	391
2	A2	392
2	A2	393
2	A2	394
2	A2	395
2	A2	396
2	A2	397
2	A2	398
2	A2	399
2	A2	400
2	A2	401
2	A2	402
2	A2	403
2	A2	404
2	A2	405
2	A2	406
2	A2	407
2	A2	408
2	A2	409
2	A2	410
2	A2	411
2	A2	412
2	A2	413
2	A2	414
2	A2	415
2	A2	416
2	A2	417
2	A2	418
2	A2	419
2	A2	420
2	A2	421
2	A2	422
2	A2	423
2	A2	424
2	A2	425
2	A2	426
2	A2	427
2	A2	428
2	A2	429
2	A2	430
2	A2	431
2	A2	432
2	A2	433
2	A2	434
2	A2	435
2	A2	436
2	A2	437
2	A2	438
2	A2	439
2	A2	440
2	A2	441
2	A2	442
2	A2	443
2	A2	444
2	A2	445
2	A2	446
2	A2	447
2	A2	448
2	A2	449
2	A2	450
2	A2	451
2	A2	452
2	A2	453
2	A2	454
2	A2	455
2	A2	456
2	A2	457
2	A2	458
2	A2	459
2	A2	460
2	A2	461
2	A2	462
2	A2	463
2	A2	464
2	A2	465
2	A2	466
2	A2	467
2	A2	468
2	A2	469
2	A2	470
2	A2	471
2	A2	472
2	A2	473
2	A2	474
2	A2	475
2	A2	476
2	A2	477
2	A2	478
2	A2	479
2	A2	480
2	A2	481
2	A2	482
2	A2	483
2	A2	484
2	A2	485
2	A2	486
2	A2	487
2	A2	488
2	A2	489
2	A2	490
2	A2	491
2	A2	492
2	A2	493
2	A2	494
2	A2	495
2	A2	496
2	A2	497
2	A2	498
2	A2	499
2	A2	500
2	A2	501
2	A2	502
2	A2	503
2	A2	504
2	A2	505
2	A2	506
2	A2	507
2	A2	508
2	A2	509
2	A2	510
2	A2	511
2	A2	512
2	A2	513
2	A2	514
2	A2	515
2	A2	516
2	A2	517
2	A2	518
2	A2	519
2	A2	520
2	A2	521
2	A2	522
2	A2	523
2	A2	524
2	A2	525
2	A2	526
2	A2	527
2	A2	528
2	A2	529
2	A2	530
2	A2	531
2	A2	532
2	A2	533
2	A2	534
2	A2	535
2	A2	536
2	A2	537
2	A2	538
2	A2	539
2	A2	540
2	A2	541
2	A2	542
2	A2	543
2	A2	544
2	A2	545
2	A2	546
2	A2	547
2	A2	548
2	A2	549
2	A2	550
2	A2	551
2	A2	552
2	A2	553
2	A2	554
2	A2	555
2	A2	556
2	A2	557
2	A2	558
2	A2	559
2	A2	560
2	A2	561
2	A2	562
2	A2	563
2	A2	564
2	A2	565
2	A2	566
2	A2	567
2	A2	568
2	A2	569
2	A2	570
2	A2	571
2	A2	572
2	A2	573
2	A2	574
2	A2	575
2	A2	576
2	A2	577
2	A2	578
2	A2	579
2	A2	580
2	A2	581
2	A2	582
2	A2	583
2	A2	584
2	A2	585
2	A2	586
2	A2	587
2	A2	588
2	A2	589
2	A2	590
2	A2	591
2	A2	592
2	A2	593
2	A2	594
2	A2	595
2	A2	596
2	A2	597
2	A2	598
2	A2	599
2	A2	600
2	A2	601
2	A2	602
2	A2	603
2	A2	604
2	A2	605
2	A2	606
2	A2	607
2	A2	608
2	A2	609
2	A2	610
2	A2	611
2	A2	612
2	A2	613
2	A2	614
2	A2	615
2	A2	616
2	A2	617
2	A2	618
2	A2	619
2	A2	620
2	A2	621
2	A2	622
2	A2	623
2	A2	624
2	A2	625
2	A2	626
2	A2	627
2	A2	628
2	A2	629
2	A2	630
2	A2	631
2	A2	632
2	A2	633
2	A2	634
2	A2	635
2	A2	636
2	A2	637
2	A2	638
2	A2	639
2	A2	640
2	A2	641
2	A2	642
2	A2	643
2	A2	644
2	A2	645
2	A2	646
2	A2	647
2	A2	648
2	A2	649
2	A2	650
2	A2	651
2	A2	652
2	A2	653
2	A2	654
2	A2	655
2	A2	656
2	A2	657
2	A2	658
2	A2	659
2	A2	660
2	A2	661
2	A2	662
2	A2	663
2	A2	664
2	A2	665
2	A2	666
2	A2	667
2	A2	668
2	A2	669
2	A2	670
2	A2	671
2	A2	672
2	A2	673
2	A2	674
2	A2	675
2	A2	676
2	A2	677
2	A2	678
2	A2	679
2	A2	680
2	A2	681
2	A2	682
2	A2	683
2	A2	684
2	A2	685
2	A2	686
2	A2	687
2	A2	688
2	A2	689
2	A2	690
2	A2	691
2	A2	692
2	A2	693
2	A2	694
2	A2	695
2	A2	696
2	A2	697
2	A2	698
2	A2	699
2	A2	700
2	A2	701
2	A2	702
2	A2	703
2	A2	704
2	A2	705
2	A2	706
2	A2	707
2	A2	708
2	A2	709
2	A2	710
2	A2	711
2	A2	712
2	A2	713
2	A2	714
2	A2	715
2	A2	716
2	A2	717
2	A2	718
2	A2	719
2	A2	720
2	A2	721
2	A2	722
2	A2	723
2	A2	724
2	A2	725
2	A2	726
2	A2	727
2	A2	728
2	A2	729
2	A2	730
2	A2	731
2	A2	732
2	A2	733
2	A2	734
2	A2	735
2	A2	736
2	A2	737
2	A2	738
2	A2	739
2	A2	740
2	A2	741
2	A2	742
2	A2	743
2	A2	744
2	A2	745
2	A2	746
2	A2	747
2	A2	748
2	A2	749
2	A2	750
2	A2	751
2	A2	752
2	A2	753
2	A2	754
2	A2	755
2	A2	756
2	A2	757
2	A2	758
2	A2	759
2	A2	760
2	A2	761
2	A2	762
2	A2	763
2	A2	764
2	A2	765
2	A2	766
2	A2	767
2	A2	768
2	A2	769
2	A2	770
2	A2	771
2	A2	772
2	A2	773
2	A2	774
2	A2	775
2	A2	776
2	A2	777
2	A2	778
2	A2	779
2	A2	780
2	A2	781
2	A2	782
2	A2	783
2	A2	784
2	A2	785
2	A2	786
2	A2	787
2	A2	788
2	A2	789
2	A2	790
2	A2	791
2	A2	792
2	A2	793
2	A2	794
2	A2	795
2	A2	796
2	A2	797
2	A2	798
2	A2	799
2	A2	800
2	A2	801
2	A2	802
2	A2	803
2	A2	804
2	A2	805
2	A2	806
2	A2	807
2	A2	808
2	A2	809
2	A2	810
2	A2	811
2	A2	812
2	A2	813
2	A2	814
2	A2	815
2	A2	816
2	A2	817
2	A2	818
2	A2	819
2	A2	820
2	A2	821
2	A2	822
2	A2	823
2	A2	824
2	A2	825
2	A2	826
2	A2	827
2	A2	828
2	A2	829
2	A2	830
2	A2	831
2	A2	832
2	A2	833
2	A2	834
2	A2	835
2	A2	836
2	A2	837
2	A2	838
2	A2	839
2	A2	840
2	A2	841
2	A2	842
2	A2	843
2	A2	844
2	A2	845
2	A2	846
2	A2	847
2	A2	848
2	A2	849
2	A2	850
2	A2	851
2	A2	852
2	A2	853
2	A2	854
2	A2	855
2	A2	856
2	A2	857
2	A2	858
2	A2	859
2	A2	860
2	A2	861
2	A2	862
2	A2	863
2	A2	864
2	A2	865
2	A2	866
2	A2	867
2	A2	868
2	A2	869
2	A2	870
2	A2	871
2	A2	872
2	A2	873
2	A2	874
2	A2	875
2	A2	876
2	A2	877
2	A2	878
2	A2	879
2	A2	880
2	A2	881
2	A2	882
2	A2	883
2	A2	884
2	A2	885
2	A2	886
2	A2	887
2	A2	888
2	A2	889
2	A2	890
2	A2	891
2	A2	892
2	A2	893
2	A2	894
2	A2	895
2	A2	896
2	A2	897
2	A2	898
2	A2	899
2	A2	900
2	A2	901
2	A2	902
2	A2	903
2	A2	904
2	A2	905
2	A2	906
2	A2	907
2	A2	908
2	A2	909
2	A2	910
2	A2	911
2	A2	912
2	A2	913
2	A2	914
2	A2	915
2	A2	916
2	A2	917
2	A2	918
2	A2	919
2	A2	920
2	A2	921
2	A2	922
2	A2	923
2	A2	924
2	A2	925
2	A2	926
2	A2	927
2	A2	928
2	A2	929
2	A2	930
2	A2	931
2	A2	932
2	A2	933
2	A2	934
2	A2	935
2	A2	936
2	A2	937
2	A2	938
2	A2	939
2	A2	940
2	A2	941
2	A2	942
2	A2	943
2	A2	944
2	A2	945
2	A2	946
2	A2	947
2	A2	948
2	A2	949
2	A2	950
2	A2	951
2	A2	952
2	A2	953
2	A2	954
2	A2	955
2	A2	956
2	A2	957
2	A2	958
2	A2	959
2	A2	960
2	A2	961
2	A2	962
2	A2	963
2	A2	964
2	A2	965
2	A2	966
2	A2	967
2	A2	968
2	A2	969
2	A2	970
2	A2	971
2	A2	972
2	A2	973
2	A2	974
2	A2	975
2	A2	976
2	A2	977
2	A2	978
2	A2	979
2	A2	980
2	A2	981
2	A2	982
2	A2	983
2	A2	984
2	A2	985
2	A2	986
2	A2	987
2	A2	988
2	A2	989
2	A2	990
2	A2	991
2	A2	992
2	A2	993
2	A2	994
2	A2	995
2	A2	996
2	A2	997
2	A2	998
2	A2	999
2	A2	1000
2	A2	1001
2	A2	1002
2	A2	1003
2	A2	1004
2	A2	1005
2	A2	1006
2	A2	1007
2	A2	1008
2	A2	1009
2	A2	1010
2	A2	1011
2	A2	1012
2	A2	1013
2	A2	1014
2	A2	1015
2	A2	1016
2	A2	1017
2	A2	1018
2	A2	1019
2	A2	1020
2	A2	1021
2	A2	1022
2	A2	1023
2	A2	1024
2	A2	1025
2	A2	1026
2	A2	1027
2	A2	1028
2	A2	1029
2	A2	1030
2	A2	1031
2	A2	1032
2	A2	1033
2	A2	1034
2	A2	1035
2	A2	1036
2	A2	1037
2	A2	1038
2	A2	1039
2	A2	1040
2	A2	1041
2	A2	1042
2	A2	1043
2	A2	1044
2	A2	1045
2	A2	1046
2	A2	1047
2	A2	1048
2	A2	1049
2	A2	1050
2	A2	1051
2	A2	1052
2	A2	1053
2	A2	1054
2	A2	1055
2	A2	1056
2	A2	1057
2	A2	1058
2	A2	1059
2	A2	1060
2	A2	1061
2	A2	1062
2	A2	1063
2	A2	1064
2	A2	1065
2	A2	1066
2	A2	1067
2	A2	1068
2	A2	1069
2	A2	1070
2	A2	1071
2	A2	1072
2	A2	1073
2	A2	1074
2	A2	1075
2	A2	1076
2	A2	1077
2	A2	1078
2	A2	1079
2	A2	1080
2	A2	1081
2	A2	1082
2	A2	1083
2	A2	1084
2	A2	1085
2	A2	1086
2	A2	1087
2	A2	1088
2	A2	1089
2	A2	1090
2	A2	1091
2	A2	1092
2	A2	1093
2	A2	1094
2	A2	1095
2	A2	1096
2	A2	1097
2	A2	1098
2	A2	1099
2	A2	1100
2	A2	1101
2	A2	1102
2	A2	1103
2	A2	1104
2	A2	1105
2	A2	1106
2	A2	1107
2	A2	1108
2	A2	1109
2	A2	1110
2	A2	1111
2	A2	1112
2	A2	1113
2	A2	1114
2	A2	1115
2	A2	1116
2	A2	1117
2	A2	1118
2	A2	1119
2	A2	1120
2	A2	1121
2	A2	1122
2	A2	1123
2	A2	1124
2	A2	1125
2	A2	1126
2	A2	1127
2	A2	1128
2	A2	1129
2	A2	1130
2	A2	1131
2	A2	1132
2	A2	1133
2	A2	1134
2	A2	1135
2	A2	1136
2	A2	1137
2	A2	1138
2	A2	1139
2	A2	1140
2	A2	1141
2	A2	1142
2	A2	1143
2	A2	1144
2	A2	1145
2	A2	1146
2	A2	1147
2	A2	1148
2	A2	1149
2	A2	1150
2	A2	1151
2	A2	1152
2	A2	1153
2	A2	1154
2	A2	1155
2	A2	1156
2	A2	1157
2	A2	1158
2	A2	1159
2	A2	1160
2	A2	1161
2	A2	1162
2	A2	1163
2	A2	1164
2	A2	1165
2	A2	1166
2	A2	1167
2	A2	1168
2	A2	1169
2	A2	1170
2	A2	1171
2	A2	1172
2	A2	1173
2	A2	1174
2	A2	1175
2	A2	1176
2	A2	1177
2	A2	1178
2	A2	1179
2	A2	1180
2	A2	1181
2	A2	1182
2	A2	1183
2	A2	1184
2	A2	1185
2	A2	1186
2	A2	1187
2	A2	1188
2	A2	1189
2	A2	1190
2	A2	1191
2	A2	1192
2	A2	1193
2	A2	1194
2	A2	1195
2	A2	1196
2	A2	1197
2	A2	1198
2	A2	1199
2	A2	1200
2	A2	1201
2	A2	1202
2	A2	1203
2	A2	1204
2	A2	1205
2	A2	1206
2	A2	1207
2	A2	1208
2	A2	1209
2	A2	1210
2	A2	1211
2	A2	1212
2	A2	1213
2	A2	1214
2	A2	1215
2	A2	1216
2	A2	1217
2	A2	1218
2	A2	1219
2	A2	1220
2	A2	1221
2	A2	1222
2	A2	1223
2	A2	1224
2	A2	1225
2	A2	1226
2	A2	1227
2	A2	1228
2	A2	1229
2	A2	1230
2	A2	1231
2	A2	1232
2	A2	1233
2	A2	1234
2	A2	1235
2	A2	1236
2	A2	1237
2	A2	1238
2	A2	1239
2	A2	1240
2	A2	1241
2	A2	1242
2	A2	1243
2	A2	1244
2	A2	1245
2	A2	1246
2	A2	1247
2	A2	1248
2	A2	1249
2	A2	1250
2	A2	1251
2	A2	1252
2	A2	1253
2	A2	1254
2	A2	1255
2	A2	1256
2	A2	1257
2	A2	1258
2	A2	1259
2	A2	1260
2	A2	1261
2	A2	1262
2	A2	1263
2	A2	1264
2	A2	1265
2	A2	1266
2	A2	1267
2	A2	1268
2	A2	1269
2	A2	1270
2	A2	1271
2	A2	1272
2	A2	1273
2	A2	1274
2	A2	1275
2	A2	1276
2	A2	1277
2	A2	1278
2	A2	1279
2	A2	1280
2	A2	1281
2	A2	1282
2	A2	1283
2	A2	1284
2	A2	1285
2	A2	1286
2	A2	1287
2	A2	1288
2	A2	1289
2	A2	1290
2	A2	1291
2	A2	1292
2	A2	1293
2	A2	1294
2	A2	1295
2	A2	1296
2	A2	1297
2	A2	1298
2	A2	1299
2	A2	1300
2	A2	1301
2	A2	1302
2	A2	1303
2	A2	1304
2	A2	1305
2	A2	1306
2	A2	1307
2	A2	1308
2	A2	1309
2	A2	1310
2	A2	1311
2	A2	1312
2	A2	1313
2	A2	1314
2	A2	1315
2	A2	1316
2	A2	1317
2	A2	1318
2	A2	1319
2	A2	1320
2	A2	1321
2	A2	1322
2	A2	1323
2	A2	1324
2	A2	1325
2	A2	1326
2	A2	1327
2	A2	1328
2	A2	1329
2	A2	1330
2	A2	1331
2	A2	1332
2	A2	1333
2	A2	1334
2	A2	1335
2	A2	1336
2	A2	1337
2	A2	1338
2	A2	1339
2	A2	1340
2	A2	1341
2	A2	1342
2	A2	1343
2	A2	1344
2	A2	1345
2	A2	1346
2	A2	1347
2	A2	1348
2	A2	1349
2	A2	1350
2	A2	1351
2	A2	1352
2	A2	1353
2	A2	1354
2	A2	1355
2	A2	1356
2	A2	1357
2	A2	1358
2	A2	1359
2	A2	1360
2	A2	1361
2	A2	1362
2	A2	1363
2	A2	1364
2	A2	1365
2	A2	1366
2	A2	1367
2	A2	1368
2	A2	1369
2	A2	1370
2	A2	1371
2	A2	1372
2	A2	1373
2	A2	1374
2	A2	1375
2	A2	1376
2	A2	1377
2	A2	1378
2	A2	1379
2	A2	1380
2	A2	1381
2	A2	1382
2	A2	1383
2	A2	1384
2	A2	1385
2	A2	1386
2	A2	1387
2	A2	1388
2	A2	1389
2	A2	1390
2	A2	1391
2	A2	1392
2	A2	1393
2	A2	1394
2	A2	1395
2	A2	1396
2	A2	1397
2	A2	1398
2	A2	1399
2	A2	1400
2	A2	1401
2	A2	1402
2	A2	1403
2	A2	1404
2	A2	1405
2	A2	1406
2	A2	1407
2	A2	1408
2	A2	1409
2	A2	1410
2	A2	1411
2	A2	1412
2	A2	1413
2	A2	1414
2	A2	1415
2	A2	1416
2	A2	1417
2	A2	1418
2	A2	1419
2	A2	1420
2	A2	1421
2	A2	1422
2	A2	1423
2	A2	1424
2	A2	1425
2	A2	1426
2	A2	1427
2	A2	1428
2	A2	1429
2	A2	1430
2	A2	1431
2	A2	1432
2	A2	1433
2	A2	1434
2	A2	1435
2	A2	1436
2	A2	1437
2	A2	1438
2	A2	1439
2	A2	1440
2	A2	1441
2	A2	1442
2	A2	1443
2	A2	1444
2	A2	1445
2	A2	1446
2	A2	1447
2	A2	1448
2	A2	1449
2	A2	1450
2	A2	1451
2	A2	1452
2	A2	1453
2	A2	1454
2	A2	1455
2	A2	1456
2	A2	1457
2	A2	1458
2	A2	1459
2	A2	1460
2	A2	1461
2	A2	1462
2	A2	1463
2	A2	1464
2	A2	1465
2	A2	1466
2	A2	1467
2	A2	1468
2	A2	1469
2	A2	1470
2	A2	1471
2	A2	1472
2	A2	1473
2	A2	1474
2	A2	1475
2	A2	1476
2	A2	1477
2	A2	1478
2	A2	1479
2	A2	1480
2	A2	1481
2	A2	1482
2	A2	1483
2	A2	1484
2	A2	1485
2	A2	1486
2	A2	1487
2	A2	1488
2	A2	1489
2	A2	1490
2	A2	1491
2	A2	1492
2	A2	1493
2	A2	1494
2	A2	1495
2	A2	1496
2	A2	1497
2	A2	1498
2	A2	1499
2	A2	1500
2	A2	1501
2	A2	1502
2	A2	1503
2	A2	1504
2	A2	1505
2	A2	1506
2	A2	1507
2	A2	1508
2	A2	1509
2	A2	1510
2	A2	1511
2	A2	1512
2	A2	1513
2	A2	1514
2	A2	1515
2	A2	1516
2	A2	1517
2	A2	1518
2	A2	1519
2	A2	1520
2	A2	1521
2	A2	1522
2	A2	1523
2	A2	1524
2	A2	1525
2	A2	1526
2	A2	1527
2	A2	1528
2	A2	1529
2	A2	1530
2	A2	1531
2	A2	1532
2	A2	1533
2	A2	1534
2	A2	1535
2	A2	1536
2	A2	1537
2	A2	1538
2	A2	1539
2	A2	1540
2	A2	1541
2	A2	1542
2	A2	1543
2	A2	1544
2	A2	1545
2	A2	1546
2	A2	1547
2	A2	1548
2	A2	1549
2	A2	1550
2	A2	1551
2	A2	1552
2	A2	1553
2	A2	1554
2	A2	1555
2	A2	1556
2	A2	1557
2	A2	1558
2	A2	1559
2	A2	1560
2	A2	1561
2	A2	1562
2	A2	1563
2	A2	1564
2	A2	1565
2	A2	1566
2	A2	1567
2	A2	1568
2	A2	1569
2	A2	1570
2	A2	1571
2	A2	1572
2	A2	1573
2	A2	1574
2	A2	1575
2	A2	1576
2	A2	1577
2	A2	1578
2	A2	1579
2	A2	1580
2	A2	1581
2	A2	1582
2	A2	1583
2	A2	1584
2	A2	1585
2	A2	1586
2	A2	1587
2	A2	1588
2	A2	1589
2	A2	1590
2	A2	1591
2	A2	1592
2	A2	1593
2	A2	1594
2	A2	1595
2	A2	1596
2	A2	1597
2	A2	1598
2	A2	1599
2	A2	1600
2	A2	1601
2	A2	1602
2	A2	1603
2	A2	1604
